   ▲ Next.js 16.0.1 (Turbopack)
   - Local:        http://localhost:3000
   - Network:      http://0.0.0.0:3000
   - Environments: .env

 ✓ Starting...

thread 'tokio-runtime-worker' (50826) panicked at /build/turbopack/crates/turbo-tasks-backend/src/backend/operation/aggregation_update.rs:1420:17:
inner_of_uppers_lost_follower is not able to remove follower TaskId 17 (ProjectContainer::entrypoints) from TaskId 16 (EntrypointsOperation::new) as they don't exist as upper or follower edges
note: run with `RUST_BACKTRACE=1` environment variable to display a backtrace
 ✓ Ready in 60.1s

-----
[1m[31mFATAL[39m[0m: An unexpected Turbopack error occurred. A panic log has been written to /tmp/next-panic-dbe332b5685f143e21f5ea523108232a.log.

To help make Turbopack better, report this error by clicking here: https://github.com/vercel/next.js/discussions/new?category=turbopack-error-report&title=Turbopack%20Error%3A%20inner_of_uppers_lost_follower%20is%20not%20able%20to%20remove%20follower%20TaskId%2017%20%28ProjectContainer%3A%3Aentrypoints%29%20from%20TaskId%2016%20%28EntrypointsOperation%3A%3Anew%29%20as%20they%20don%27t%20exist%20as%20upper%20or%20follower%20edges&body=Turbopack%20version%3A%20%6040672141%60%0ANext.js%20version%3A%20%600.0.0%60%0A%0AError%20message%3A%0A%60%60%60%0ATurbopack%20Error%3A%20inner_of_uppers_lost_follower%20is%20not%20able%20to%20remove%20follower%20TaskId%2017%20%28ProjectContainer%3A%3Aentrypoints%29%20from%20TaskId%2016%20%28EntrypointsOperation%3A%3Anew%29%20as%20they%20don%27t%20exist%20as%20upper%20or%20follower%20edges%0A%60%60%60&labels=Turbopack,Turbopack%20Panic%20Backtrace
-----

 ⨯ Error [TurbopackInternalError]: inner_of_uppers_lost_follower is not able to remove follower TaskId 17 (ProjectContainer::entrypoints) from TaskId 16 (EntrypointsOperation::new) as they don't exist as upper or follower edges

Debug info:
- Execution of get_written_endpoint_with_issues_operation failed
- Execution of endpoint_write_to_disk_operation failed
- Execution of pick_endpoint failed
- Execution of entrypoints_without_collectibles_operation failed
- inner_of_uppers_lost_follower is not able to remove follower TaskId 17 (ProjectContainer::entrypoints) from TaskId 16 (EntrypointsOperation::new) as they don't exist as upper or follower edges
    at <unknown> (TurbopackInternalError: inner_of_uppers_lost_follower is not able to remove follower TaskId 17 (ProjectContainer::entrypoints) from TaskId 16 (EntrypointsOperation::new) as they don't exist as upper or follower edges) {
  location: '/build/turbopack/crates/turbo-tasks-backend/src/backend/operation/aggregation_update.rs:1420:17'
}
 ⨯ Error [TurbopackInternalError]: inner_of_uppers_lost_follower is not able to remove follower TaskId 17 (ProjectContainer::entrypoints) from TaskId 16 (EntrypointsOperation::new) as they don't exist as upper or follower edges

Debug info:
- Execution of get_written_endpoint_with_issues_operation failed
- Execution of endpoint_write_to_disk_operation failed
- Execution of pick_endpoint failed
- Execution of entrypoints_without_collectibles_operation failed
- inner_of_uppers_lost_follower is not able to remove follower TaskId 17 (ProjectContainer::entrypoints) from TaskId 16 (EntrypointsOperation::new) as they don't exist as upper or follower edges
    at <unknown> (TurbopackInternalError: inner_of_uppers_lost_follower is not able to remove follower TaskId 17 (ProjectContainer::entrypoints) from TaskId 16 (EntrypointsOperation::new) as they don't exist as upper or follower edges) {
  location: '/build/turbopack/crates/turbo-tasks-backend/src/backend/operation/aggregation_update.rs:1420:17'
}
Error [TurbopackInternalError]: inner_of_uppers_lost_follower is not able to remove follower TaskId 17 (ProjectContainer::entrypoints) from TaskId 16 (EntrypointsOperation::new) as they don't exist as upper or follower edges

Debug info:
- Execution of get_written_endpoint_with_issues_operation failed
- Execution of endpoint_write_to_disk_operation failed
- Execution of pick_endpoint failed
- Execution of entrypoints_without_collectibles_operation failed
- inner_of_uppers_lost_follower is not able to remove follower TaskId 17 (ProjectContainer::entrypoints) from TaskId 16 (EntrypointsOperation::new) as they don't exist as upper or follower edges
    at <unknown> (TurbopackInternalError: inner_of_uppers_lost_follower is not able to remove follower TaskId 17 (ProjectContainer::entrypoints) from TaskId 16 (EntrypointsOperation::new) as they don't exist as upper or follower edges) {
  location: '/build/turbopack/crates/turbo-tasks-backend/src/backend/operation/aggregation_update.rs:1420:17'
}
Error [TurbopackInternalError]: inner_of_uppers_lost_follower is not able to remove follower TaskId 17 (ProjectContainer::entrypoints) from TaskId 16 (EntrypointsOperation::new) as they don't exist as upper or follower edges

Debug info:
- Execution of get_written_endpoint_with_issues_operation failed
- Execution of endpoint_write_to_disk_operation failed
- Execution of pick_endpoint failed
- Execution of entrypoints_without_collectibles_operation failed
- inner_of_uppers_lost_follower is not able to remove follower TaskId 17 (ProjectContainer::entrypoints) from TaskId 16 (EntrypointsOperation::new) as they don't exist as upper or follower edges
    at <unknown> (TurbopackInternalError: inner_of_uppers_lost_follower is not able to remove follower TaskId 17 (ProjectContainer::entrypoints) from TaskId 16 (EntrypointsOperation::new) as they don't exist as upper or follower edges) {
  location: '/build/turbopack/crates/turbo-tasks-backend/src/backend/operation/aggregation_update.rs:1420:17'
}
 ⨯ Error [TurbopackInternalError]: inner_of_uppers_lost_follower is not able to remove follower TaskId 17 (ProjectContainer::entrypoints) from TaskId 16 (EntrypointsOperation::new) as they don't exist as upper or follower edges

Debug info:
- Execution of get_written_endpoint_with_issues_operation failed
- Execution of endpoint_write_to_disk_operation failed
- Execution of pick_endpoint failed
- Execution of entrypoints_without_collectibles_operation failed
- inner_of_uppers_lost_follower is not able to remove follower TaskId 17 (ProjectContainer::entrypoints) from TaskId 16 (EntrypointsOperation::new) as they don't exist as upper or follower edges
    at <unknown> (TurbopackInternalError: inner_of_uppers_lost_follower is not able to remove follower TaskId 17 (ProjectContainer::entrypoints) from TaskId 16 (EntrypointsOperation::new) as they don't exist as upper or follower edges) {
  location: '/build/turbopack/crates/turbo-tasks-backend/src/backend/operation/aggregation_update.rs:1420:17'
}
 ⨯ Error [TurbopackInternalError]: inner_of_uppers_lost_follower is not able to remove follower TaskId 17 (ProjectContainer::entrypoints) from TaskId 16 (EntrypointsOperation::new) as they don't exist as upper or follower edges

Debug info:
- Execution of get_written_endpoint_with_issues_operation failed
- Execution of endpoint_write_to_disk_operation failed
- Execution of pick_endpoint failed
- Execution of entrypoints_without_collectibles_operation failed
- inner_of_uppers_lost_follower is not able to remove follower TaskId 17 (ProjectContainer::entrypoints) from TaskId 16 (EntrypointsOperation::new) as they don't exist as upper or follower edges
    at <unknown> (TurbopackInternalError: inner_of_uppers_lost_follower is not able to remove follower TaskId 17 (ProjectContainer::entrypoints) from TaskId 16 (EntrypointsOperation::new) as they don't exist as upper or follower edges) {
  location: '/build/turbopack/crates/turbo-tasks-backend/src/backend/operation/aggregation_update.rs:1420:17'
}
Error [TurbopackInternalError]: inner_of_uppers_lost_follower is not able to remove follower TaskId 17 (ProjectContainer::entrypoints) from TaskId 16 (EntrypointsOperation::new) as they don't exist as upper or follower edges

Debug info:
- Execution of get_written_endpoint_with_issues_operation failed
- Execution of endpoint_write_to_disk_operation failed
- Execution of pick_endpoint failed
- Execution of entrypoints_without_collectibles_operation failed
- inner_of_uppers_lost_follower is not able to remove follower TaskId 17 (ProjectContainer::entrypoints) from TaskId 16 (EntrypointsOperation::new) as they don't exist as upper or follower edges
    at <unknown> (TurbopackInternalError: inner_of_uppers_lost_follower is not able to remove follower TaskId 17 (ProjectContainer::entrypoints) from TaskId 16 (EntrypointsOperation::new) as they don't exist as upper or follower edges) {
  location: '/build/turbopack/crates/turbo-tasks-backend/src/backend/operation/aggregation_update.rs:1420:17'
}
Error [TurbopackInternalError]: inner_of_uppers_lost_follower is not able to remove follower TaskId 17 (ProjectContainer::entrypoints) from TaskId 16 (EntrypointsOperation::new) as they don't exist as upper or follower edges

Debug info:
- Execution of get_written_endpoint_with_issues_operation failed
- Execution of endpoint_write_to_disk_operation failed
- Execution of pick_endpoint failed
- Execution of entrypoints_without_collectibles_operation failed
- inner_of_uppers_lost_follower is not able to remove follower TaskId 17 (ProjectContainer::entrypoints) from TaskId 16 (EntrypointsOperation::new) as they don't exist as upper or follower edges
    at <unknown> (TurbopackInternalError: inner_of_uppers_lost_follower is not able to remove follower TaskId 17 (ProjectContainer::entrypoints) from TaskId 16 (EntrypointsOperation::new) as they don't exist as upper or follower edges) {
  location: '/build/turbopack/crates/turbo-tasks-backend/src/backend/operation/aggregation_update.rs:1420:17'
}

-----
[1m[31mFATAL[39m[0m: An unexpected Turbopack error occurred. A panic log has been written to /tmp/next-panic-dbe332b5685f143e21f5ea523108232a.log.

To help make Turbopack better, report this error by clicking here: https://github.com/vercel/next.js/discussions/new?category=turbopack-error-report&title=Turbopack%20Error%3A%20inner_of_uppers_lost_follower%20is%20not%20able%20to%20remove%20follower%20TaskId%2017%20%28ProjectContainer%3A%3Aentrypoints%29%20from%20TaskId%2016%20%28EntrypointsOperation%3A%3Anew%29%20as%20they%20don%27t%20exist%20as%20upper%20or%20follower%20edges&body=Turbopack%20version%3A%20%6040672141%60%0ANext.js%20version%3A%20%600.0.0%60%0A%0AError%20message%3A%0A%60%60%60%0ATurbopack%20Error%3A%20inner_of_uppers_lost_follower%20is%20not%20able%20to%20remove%20follower%20TaskId%2017%20%28ProjectContainer%3A%3Aentrypoints%29%20from%20TaskId%2016%20%28EntrypointsOperation%3A%3Anew%29%20as%20they%20don%27t%20exist%20as%20upper%20or%20follower%20edges%0A%60%60%60&labels=Turbopack,Turbopack%20Panic%20Backtrace
-----

 ⨯ Error [TurbopackInternalError]: inner_of_uppers_lost_follower is not able to remove follower TaskId 17 (ProjectContainer::entrypoints) from TaskId 16 (EntrypointsOperation::new) as they don't exist as upper or follower edges

Debug info:
- Execution of get_written_endpoint_with_issues_operation failed
- Execution of endpoint_write_to_disk_operation failed
- Execution of pick_endpoint failed
- Execution of entrypoints_without_collectibles_operation failed
- inner_of_uppers_lost_follower is not able to remove follower TaskId 17 (ProjectContainer::entrypoints) from TaskId 16 (EntrypointsOperation::new) as they don't exist as upper or follower edges
    at <unknown> (TurbopackInternalError: inner_of_uppers_lost_follower is not able to remove follower TaskId 17 (ProjectContainer::entrypoints) from TaskId 16 (EntrypointsOperation::new) as they don't exist as upper or follower edges) {
  location: '/build/turbopack/crates/turbo-tasks-backend/src/backend/operation/aggregation_update.rs:1420:17'
}
Error [TurbopackInternalError]: inner_of_uppers_lost_follower is not able to remove follower TaskId 17 (ProjectContainer::entrypoints) from TaskId 16 (EntrypointsOperation::new) as they don't exist as upper or follower edges

Debug info:
- Execution of get_written_endpoint_with_issues_operation failed
- Execution of endpoint_write_to_disk_operation failed
- Execution of pick_endpoint failed
- Execution of entrypoints_without_collectibles_operation failed
- inner_of_uppers_lost_follower is not able to remove follower TaskId 17 (ProjectContainer::entrypoints) from TaskId 16 (EntrypointsOperation::new) as they don't exist as upper or follower edges
    at <unknown> (TurbopackInternalError: inner_of_uppers_lost_follower is not able to remove follower TaskId 17 (ProjectContainer::entrypoints) from TaskId 16 (EntrypointsOperation::new) as they don't exist as upper or follower edges) {
  location: '/build/turbopack/crates/turbo-tasks-backend/src/backend/operation/aggregation_update.rs:1420:17'
}
 ⨯ Error [TurbopackInternalError]: inner_of_uppers_lost_follower is not able to remove follower TaskId 17 (ProjectContainer::entrypoints) from TaskId 16 (EntrypointsOperation::new) as they don't exist as upper or follower edges

Debug info:
- Execution of get_written_endpoint_with_issues_operation failed
- Execution of endpoint_write_to_disk_operation failed
- Execution of pick_endpoint failed
- Execution of entrypoints_without_collectibles_operation failed
- inner_of_uppers_lost_follower is not able to remove follower TaskId 17 (ProjectContainer::entrypoints) from TaskId 16 (EntrypointsOperation::new) as they don't exist as upper or follower edges
    at <unknown> (TurbopackInternalError: inner_of_uppers_lost_follower is not able to remove follower TaskId 17 (ProjectContainer::entrypoints) from TaskId 16 (EntrypointsOperation::new) as they don't exist as upper or follower edges) {
  location: '/build/turbopack/crates/turbo-tasks-backend/src/backend/operation/aggregation_update.rs:1420:17'
}
Error [TurbopackInternalError]: inner_of_uppers_lost_follower is not able to remove follower TaskId 17 (ProjectContainer::entrypoints) from TaskId 16 (EntrypointsOperation::new) as they don't exist as upper or follower edges

Debug info:
- Execution of get_written_endpoint_with_issues_operation failed
- Execution of endpoint_write_to_disk_operation failed
- Execution of pick_endpoint failed
- Execution of entrypoints_without_collectibles_operation failed
- inner_of_uppers_lost_follower is not able to remove follower TaskId 17 (ProjectContainer::entrypoints) from TaskId 16 (EntrypointsOperation::new) as they don't exist as upper or follower edges
    at <unknown> (TurbopackInternalError: inner_of_uppers_lost_follower is not able to remove follower TaskId 17 (ProjectContainer::entrypoints) from TaskId 16 (EntrypointsOperation::new) as they don't exist as upper or follower edges) {
  location: '/build/turbopack/crates/turbo-tasks-backend/src/backend/operation/aggregation_update.rs:1420:17'
}
 ⨯ Error [TurbopackInternalError]: inner_of_uppers_lost_follower is not able to remove follower TaskId 17 (ProjectContainer::entrypoints) from TaskId 16 (EntrypointsOperation::new) as they don't exist as upper or follower edges

Debug info:
- Execution of get_written_endpoint_with_issues_operation failed
- Execution of endpoint_write_to_disk_operation failed
- Execution of pick_endpoint failed
- Execution of entrypoints_without_collectibles_operation failed
- inner_of_uppers_lost_follower is not able to remove follower TaskId 17 (ProjectContainer::entrypoints) from TaskId 16 (EntrypointsOperation::new) as they don't exist as upper or follower edges
    at <unknown> (TurbopackInternalError: inner_of_uppers_lost_follower is not able to remove follower TaskId 17 (ProjectContainer::entrypoints) from TaskId 16 (EntrypointsOperation::new) as they don't exist as upper or follower edges) {
  location: '/build/turbopack/crates/turbo-tasks-backend/src/backend/operation/aggregation_update.rs:1420:17'
}
Error [TurbopackInternalError]: inner_of_uppers_lost_follower is not able to remove follower TaskId 17 (ProjectContainer::entrypoints) from TaskId 16 (EntrypointsOperation::new) as they don't exist as upper or follower edges

Debug info:
- Execution of get_written_endpoint_with_issues_operation failed
- Execution of endpoint_write_to_disk_operation failed
- Execution of pick_endpoint failed
- Execution of entrypoints_without_collectibles_operation failed
- inner_of_uppers_lost_follower is not able to remove follower TaskId 17 (ProjectContainer::entrypoints) from TaskId 16 (EntrypointsOperation::new) as they don't exist as upper or follower edges
    at <unknown> (TurbopackInternalError: inner_of_uppers_lost_follower is not able to remove follower TaskId 17 (ProjectContainer::entrypoints) from TaskId 16 (EntrypointsOperation::new) as they don't exist as upper or follower edges) {
  location: '/build/turbopack/crates/turbo-tasks-backend/src/backend/operation/aggregation_update.rs:1420:17'
}
 ⨯ Error [TurbopackInternalError]: inner_of_uppers_lost_follower is not able to remove follower TaskId 17 (ProjectContainer::entrypoints) from TaskId 16 (EntrypointsOperation::new) as they don't exist as upper or follower edges

Debug info:
- Execution of get_written_endpoint_with_issues_operation failed
- Execution of endpoint_write_to_disk_operation failed
- Execution of pick_endpoint failed
- Execution of entrypoints_without_collectibles_operation failed
- inner_of_uppers_lost_follower is not able to remove follower TaskId 17 (ProjectContainer::entrypoints) from TaskId 16 (EntrypointsOperation::new) as they don't exist as upper or follower edges
    at <unknown> (TurbopackInternalError: inner_of_uppers_lost_follower is not able to remove follower TaskId 17 (ProjectContainer::entrypoints) from TaskId 16 (EntrypointsOperation::new) as they don't exist as upper or follower edges) {
  location: '/build/turbopack/crates/turbo-tasks-backend/src/backend/operation/aggregation_update.rs:1420:17'
}
Error [TurbopackInternalError]: inner_of_uppers_lost_follower is not able to remove follower TaskId 17 (ProjectContainer::entrypoints) from TaskId 16 (EntrypointsOperation::new) as they don't exist as upper or follower edges

Debug info:
- Execution of get_written_endpoint_with_issues_operation failed
- Execution of endpoint_write_to_disk_operation failed
- Execution of pick_endpoint failed
- Execution of entrypoints_without_collectibles_operation failed
- inner_of_uppers_lost_follower is not able to remove follower TaskId 17 (ProjectContainer::entrypoints) from TaskId 16 (EntrypointsOperation::new) as they don't exist as upper or follower edges
    at <unknown> (TurbopackInternalError: inner_of_uppers_lost_follower is not able to remove follower TaskId 17 (ProjectContainer::entrypoints) from TaskId 16 (EntrypointsOperation::new) as they don't exist as upper or follower edges) {
  location: '/build/turbopack/crates/turbo-tasks-backend/src/backend/operation/aggregation_update.rs:1420:17'
}

-----
[1m[31mFATAL[39m[0m: An unexpected Turbopack error occurred. A panic log has been written to /tmp/next-panic-dbe332b5685f143e21f5ea523108232a.log.

To help make Turbopack better, report this error by clicking here: https://github.com/vercel/next.js/discussions/new?category=turbopack-error-report&title=Turbopack%20Error%3A%20inner_of_uppers_lost_follower%20is%20not%20able%20to%20remove%20follower%20TaskId%2017%20%28ProjectContainer%3A%3Aentrypoints%29%20from%20TaskId%2016%20%28EntrypointsOperation%3A%3Anew%29%20as%20they%20don%27t%20exist%20as%20upper%20or%20follower%20edges&body=Turbopack%20version%3A%20%6040672141%60%0ANext.js%20version%3A%20%600.0.0%60%0A%0AError%20message%3A%0A%60%60%60%0ATurbopack%20Error%3A%20inner_of_uppers_lost_follower%20is%20not%20able%20to%20remove%20follower%20TaskId%2017%20%28ProjectContainer%3A%3Aentrypoints%29%20from%20TaskId%2016%20%28EntrypointsOperation%3A%3Anew%29%20as%20they%20don%27t%20exist%20as%20upper%20or%20follower%20edges%0A%60%60%60&labels=Turbopack,Turbopack%20Panic%20Backtrace
-----

 ⨯ Error [TurbopackInternalError]: inner_of_uppers_lost_follower is not able to remove follower TaskId 17 (ProjectContainer::entrypoints) from TaskId 16 (EntrypointsOperation::new) as they don't exist as upper or follower edges

Debug info:
- Execution of get_written_endpoint_with_issues_operation failed
- Execution of endpoint_write_to_disk_operation failed
- Execution of pick_endpoint failed
- Execution of entrypoints_without_collectibles_operation failed
- inner_of_uppers_lost_follower is not able to remove follower TaskId 17 (ProjectContainer::entrypoints) from TaskId 16 (EntrypointsOperation::new) as they don't exist as upper or follower edges
    at <unknown> (TurbopackInternalError: inner_of_uppers_lost_follower is not able to remove follower TaskId 17 (ProjectContainer::entrypoints) from TaskId 16 (EntrypointsOperation::new) as they don't exist as upper or follower edges) {
  location: '/build/turbopack/crates/turbo-tasks-backend/src/backend/operation/aggregation_update.rs:1420:17'
}
Error [TurbopackInternalError]: inner_of_uppers_lost_follower is not able to remove follower TaskId 17 (ProjectContainer::entrypoints) from TaskId 16 (EntrypointsOperation::new) as they don't exist as upper or follower edges

Debug info:
- Execution of get_written_endpoint_with_issues_operation failed
- Execution of endpoint_write_to_disk_operation failed
- Execution of pick_endpoint failed
- Execution of entrypoints_without_collectibles_operation failed
- inner_of_uppers_lost_follower is not able to remove follower TaskId 17 (ProjectContainer::entrypoints) from TaskId 16 (EntrypointsOperation::new) as they don't exist as upper or follower edges
    at <unknown> (TurbopackInternalError: inner_of_uppers_lost_follower is not able to remove follower TaskId 17 (ProjectContainer::entrypoints) from TaskId 16 (EntrypointsOperation::new) as they don't exist as upper or follower edges) {
  location: '/build/turbopack/crates/turbo-tasks-backend/src/backend/operation/aggregation_update.rs:1420:17'
}
 ⨯ Error [TurbopackInternalError]: inner_of_uppers_lost_follower is not able to remove follower TaskId 17 (ProjectContainer::entrypoints) from TaskId 16 (EntrypointsOperation::new) as they don't exist as upper or follower edges

Debug info:
- Execution of get_written_endpoint_with_issues_operation failed
- Execution of endpoint_write_to_disk_operation failed
- Execution of pick_endpoint failed
- Execution of entrypoints_without_collectibles_operation failed
- inner_of_uppers_lost_follower is not able to remove follower TaskId 17 (ProjectContainer::entrypoints) from TaskId 16 (EntrypointsOperation::new) as they don't exist as upper or follower edges
    at <unknown> (TurbopackInternalError: inner_of_uppers_lost_follower is not able to remove follower TaskId 17 (ProjectContainer::entrypoints) from TaskId 16 (EntrypointsOperation::new) as they don't exist as upper or follower edges) {
  location: '/build/turbopack/crates/turbo-tasks-backend/src/backend/operation/aggregation_update.rs:1420:17'
}
Error [TurbopackInternalError]: inner_of_uppers_lost_follower is not able to remove follower TaskId 17 (ProjectContainer::entrypoints) from TaskId 16 (EntrypointsOperation::new) as they don't exist as upper or follower edges

Debug info:
- Execution of get_written_endpoint_with_issues_operation failed
- Execution of endpoint_write_to_disk_operation failed
- Execution of pick_endpoint failed
- Execution of entrypoints_without_collectibles_operation failed
- inner_of_uppers_lost_follower is not able to remove follower TaskId 17 (ProjectContainer::entrypoints) from TaskId 16 (EntrypointsOperation::new) as they don't exist as upper or follower edges
    at <unknown> (TurbopackInternalError: inner_of_uppers_lost_follower is not able to remove follower TaskId 17 (ProjectContainer::entrypoints) from TaskId 16 (EntrypointsOperation::new) as they don't exist as upper or follower edges) {
  location: '/build/turbopack/crates/turbo-tasks-backend/src/backend/operation/aggregation_update.rs:1420:17'
}

-----
[1m[31mFATAL[39m[0m: An unexpected Turbopack error occurred. A panic log has been written to /tmp/next-panic-dbe332b5685f143e21f5ea523108232a.log.

To help make Turbopack better, report this error by clicking here: https://github.com/vercel/next.js/discussions/new?category=turbopack-error-report&title=Turbopack%20Error%3A%20inner_of_uppers_lost_follower%20is%20not%20able%20to%20remove%20follower%20TaskId%2017%20%28ProjectContainer%3A%3Aentrypoints%29%20from%20TaskId%2016%20%28EntrypointsOperation%3A%3Anew%29%20as%20they%20don%27t%20exist%20as%20upper%20or%20follower%20edges&body=Turbopack%20version%3A%20%6040672141%60%0ANext.js%20version%3A%20%600.0.0%60%0A%0AError%20message%3A%0A%60%60%60%0ATurbopack%20Error%3A%20inner_of_uppers_lost_follower%20is%20not%20able%20to%20remove%20follower%20TaskId%2017%20%28ProjectContainer%3A%3Aentrypoints%29%20from%20TaskId%2016%20%28EntrypointsOperation%3A%3Anew%29%20as%20they%20don%27t%20exist%20as%20upper%20or%20follower%20edges%0A%60%60%60&labels=Turbopack,Turbopack%20Panic%20Backtrace
-----

 ⨯ Error [TurbopackInternalError]: inner_of_uppers_lost_follower is not able to remove follower TaskId 17 (ProjectContainer::entrypoints) from TaskId 16 (EntrypointsOperation::new) as they don't exist as upper or follower edges

Debug info:
- Execution of get_written_endpoint_with_issues_operation failed
- Execution of endpoint_write_to_disk_operation failed
- Execution of pick_endpoint failed
- Execution of entrypoints_without_collectibles_operation failed
- inner_of_uppers_lost_follower is not able to remove follower TaskId 17 (ProjectContainer::entrypoints) from TaskId 16 (EntrypointsOperation::new) as they don't exist as upper or follower edges
    at <unknown> (TurbopackInternalError: inner_of_uppers_lost_follower is not able to remove follower TaskId 17 (ProjectContainer::entrypoints) from TaskId 16 (EntrypointsOperation::new) as they don't exist as upper or follower edges) {
  location: '/build/turbopack/crates/turbo-tasks-backend/src/backend/operation/aggregation_update.rs:1420:17'
}
Error [TurbopackInternalError]: inner_of_uppers_lost_follower is not able to remove follower TaskId 17 (ProjectContainer::entrypoints) from TaskId 16 (EntrypointsOperation::new) as they don't exist as upper or follower edges

Debug info:
- Execution of get_written_endpoint_with_issues_operation failed
- Execution of endpoint_write_to_disk_operation failed
- Execution of pick_endpoint failed
- Execution of entrypoints_without_collectibles_operation failed
- inner_of_uppers_lost_follower is not able to remove follower TaskId 17 (ProjectContainer::entrypoints) from TaskId 16 (EntrypointsOperation::new) as they don't exist as upper or follower edges
    at <unknown> (TurbopackInternalError: inner_of_uppers_lost_follower is not able to remove follower TaskId 17 (ProjectContainer::entrypoints) from TaskId 16 (EntrypointsOperation::new) as they don't exist as upper or follower edges) {
  location: '/build/turbopack/crates/turbo-tasks-backend/src/backend/operation/aggregation_update.rs:1420:17'
}
 ⨯ Error [TurbopackInternalError]: inner_of_uppers_lost_follower is not able to remove follower TaskId 17 (ProjectContainer::entrypoints) from TaskId 16 (EntrypointsOperation::new) as they don't exist as upper or follower edges

Debug info:
- Execution of get_written_endpoint_with_issues_operation failed
- Execution of endpoint_write_to_disk_operation failed
- Execution of pick_endpoint failed
- Execution of entrypoints_without_collectibles_operation failed
- inner_of_uppers_lost_follower is not able to remove follower TaskId 17 (ProjectContainer::entrypoints) from TaskId 16 (EntrypointsOperation::new) as they don't exist as upper or follower edges
    at <unknown> (TurbopackInternalError: inner_of_uppers_lost_follower is not able to remove follower TaskId 17 (ProjectContainer::entrypoints) from TaskId 16 (EntrypointsOperation::new) as they don't exist as upper or follower edges) {
  location: '/build/turbopack/crates/turbo-tasks-backend/src/backend/operation/aggregation_update.rs:1420:17'
}
Error [TurbopackInternalError]: inner_of_uppers_lost_follower is not able to remove follower TaskId 17 (ProjectContainer::entrypoints) from TaskId 16 (EntrypointsOperation::new) as they don't exist as upper or follower edges

Debug info:
- Execution of get_written_endpoint_with_issues_operation failed
- Execution of endpoint_write_to_disk_operation failed
- Execution of pick_endpoint failed
- Execution of entrypoints_without_collectibles_operation failed
- inner_of_uppers_lost_follower is not able to remove follower TaskId 17 (ProjectContainer::entrypoints) from TaskId 16 (EntrypointsOperation::new) as they don't exist as upper or follower edges
    at <unknown> (TurbopackInternalError: inner_of_uppers_lost_follower is not able to remove follower TaskId 17 (ProjectContainer::entrypoints) from TaskId 16 (EntrypointsOperation::new) as they don't exist as upper or follower edges) {
  location: '/build/turbopack/crates/turbo-tasks-backend/src/backend/operation/aggregation_update.rs:1420:17'
}

-----
[1m[31mFATAL[39m[0m: An unexpected Turbopack error occurred. A panic log has been written to /tmp/next-panic-dbe332b5685f143e21f5ea523108232a.log.

To help make Turbopack better, report this error by clicking here: https://github.com/vercel/next.js/discussions/new?category=turbopack-error-report&title=Turbopack%20Error%3A%20inner_of_uppers_lost_follower%20is%20not%20able%20to%20remove%20follower%20TaskId%2017%20%28ProjectContainer%3A%3Aentrypoints%29%20from%20TaskId%2016%20%28EntrypointsOperation%3A%3Anew%29%20as%20they%20don%27t%20exist%20as%20upper%20or%20follower%20edges&body=Turbopack%20version%3A%20%6040672141%60%0ANext.js%20version%3A%20%600.0.0%60%0A%0AError%20message%3A%0A%60%60%60%0ATurbopack%20Error%3A%20inner_of_uppers_lost_follower%20is%20not%20able%20to%20remove%20follower%20TaskId%2017%20%28ProjectContainer%3A%3Aentrypoints%29%20from%20TaskId%2016%20%28EntrypointsOperation%3A%3Anew%29%20as%20they%20don%27t%20exist%20as%20upper%20or%20follower%20edges%0A%60%60%60&labels=Turbopack,Turbopack%20Panic%20Backtrace
-----

 ⨯ Error [TurbopackInternalError]: inner_of_uppers_lost_follower is not able to remove follower TaskId 17 (ProjectContainer::entrypoints) from TaskId 16 (EntrypointsOperation::new) as they don't exist as upper or follower edges

Debug info:
- Execution of get_written_endpoint_with_issues_operation failed
- Execution of endpoint_write_to_disk_operation failed
- Execution of pick_endpoint failed
- Execution of entrypoints_without_collectibles_operation failed
- inner_of_uppers_lost_follower is not able to remove follower TaskId 17 (ProjectContainer::entrypoints) from TaskId 16 (EntrypointsOperation::new) as they don't exist as upper or follower edges
    at <unknown> (TurbopackInternalError: inner_of_uppers_lost_follower is not able to remove follower TaskId 17 (ProjectContainer::entrypoints) from TaskId 16 (EntrypointsOperation::new) as they don't exist as upper or follower edges) {
  location: '/build/turbopack/crates/turbo-tasks-backend/src/backend/operation/aggregation_update.rs:1420:17'
}
Error [TurbopackInternalError]: inner_of_uppers_lost_follower is not able to remove follower TaskId 17 (ProjectContainer::entrypoints) from TaskId 16 (EntrypointsOperation::new) as they don't exist as upper or follower edges

Debug info:
- Execution of get_written_endpoint_with_issues_operation failed
- Execution of endpoint_write_to_disk_operation failed
- Execution of pick_endpoint failed
- Execution of entrypoints_without_collectibles_operation failed
- inner_of_uppers_lost_follower is not able to remove follower TaskId 17 (ProjectContainer::entrypoints) from TaskId 16 (EntrypointsOperation::new) as they don't exist as upper or follower edges
    at <unknown> (TurbopackInternalError: inner_of_uppers_lost_follower is not able to remove follower TaskId 17 (ProjectContainer::entrypoints) from TaskId 16 (EntrypointsOperation::new) as they don't exist as upper or follower edges) {
  location: '/build/turbopack/crates/turbo-tasks-backend/src/backend/operation/aggregation_update.rs:1420:17'
}
 ⨯ Error [TurbopackInternalError]: inner_of_uppers_lost_follower is not able to remove follower TaskId 17 (ProjectContainer::entrypoints) from TaskId 16 (EntrypointsOperation::new) as they don't exist as upper or follower edges

Debug info:
- Execution of get_written_endpoint_with_issues_operation failed
- Execution of endpoint_write_to_disk_operation failed
- Execution of pick_endpoint failed
- Execution of entrypoints_without_collectibles_operation failed
- inner_of_uppers_lost_follower is not able to remove follower TaskId 17 (ProjectContainer::entrypoints) from TaskId 16 (EntrypointsOperation::new) as they don't exist as upper or follower edges
    at <unknown> (TurbopackInternalError: inner_of_uppers_lost_follower is not able to remove follower TaskId 17 (ProjectContainer::entrypoints) from TaskId 16 (EntrypointsOperation::new) as they don't exist as upper or follower edges) {
  location: '/build/turbopack/crates/turbo-tasks-backend/src/backend/operation/aggregation_update.rs:1420:17'
}
Error [TurbopackInternalError]: inner_of_uppers_lost_follower is not able to remove follower TaskId 17 (ProjectContainer::entrypoints) from TaskId 16 (EntrypointsOperation::new) as they don't exist as upper or follower edges

Debug info:
- Execution of get_written_endpoint_with_issues_operation failed
- Execution of endpoint_write_to_disk_operation failed
- Execution of pick_endpoint failed
- Execution of entrypoints_without_collectibles_operation failed
- inner_of_uppers_lost_follower is not able to remove follower TaskId 17 (ProjectContainer::entrypoints) from TaskId 16 (EntrypointsOperation::new) as they don't exist as upper or follower edges
    at <unknown> (TurbopackInternalError: inner_of_uppers_lost_follower is not able to remove follower TaskId 17 (ProjectContainer::entrypoints) from TaskId 16 (EntrypointsOperation::new) as they don't exist as upper or follower edges) {
  location: '/build/turbopack/crates/turbo-tasks-backend/src/backend/operation/aggregation_update.rs:1420:17'
}
 ⨯ Error [TurbopackInternalError]: inner_of_uppers_lost_follower is not able to remove follower TaskId 17 (ProjectContainer::entrypoints) from TaskId 16 (EntrypointsOperation::new) as they don't exist as upper or follower edges

Debug info:
- Execution of get_written_endpoint_with_issues_operation failed
- Execution of endpoint_write_to_disk_operation failed
- Execution of pick_endpoint failed
- Execution of entrypoints_without_collectibles_operation failed
- inner_of_uppers_lost_follower is not able to remove follower TaskId 17 (ProjectContainer::entrypoints) from TaskId 16 (EntrypointsOperation::new) as they don't exist as upper or follower edges
    at <unknown> (TurbopackInternalError: inner_of_uppers_lost_follower is not able to remove follower TaskId 17 (ProjectContainer::entrypoints) from TaskId 16 (EntrypointsOperation::new) as they don't exist as upper or follower edges) {
  location: '/build/turbopack/crates/turbo-tasks-backend/src/backend/operation/aggregation_update.rs:1420:17'
}
Error [TurbopackInternalError]: inner_of_uppers_lost_follower is not able to remove follower TaskId 17 (ProjectContainer::entrypoints) from TaskId 16 (EntrypointsOperation::new) as they don't exist as upper or follower edges

Debug info:
- Execution of get_written_endpoint_with_issues_operation failed
- Execution of endpoint_write_to_disk_operation failed
- Execution of pick_endpoint failed
- Execution of entrypoints_without_collectibles_operation failed
- inner_of_uppers_lost_follower is not able to remove follower TaskId 17 (ProjectContainer::entrypoints) from TaskId 16 (EntrypointsOperation::new) as they don't exist as upper or follower edges
    at <unknown> (TurbopackInternalError: inner_of_uppers_lost_follower is not able to remove follower TaskId 17 (ProjectContainer::entrypoints) from TaskId 16 (EntrypointsOperation::new) as they don't exist as upper or follower edges) {
  location: '/build/turbopack/crates/turbo-tasks-backend/src/backend/operation/aggregation_update.rs:1420:17'
}
 ⨯ Error [TurbopackInternalError]: inner_of_uppers_lost_follower is not able to remove follower TaskId 17 (ProjectContainer::entrypoints) from TaskId 16 (EntrypointsOperation::new) as they don't exist as upper or follower edges

Debug info:
- Execution of get_written_endpoint_with_issues_operation failed
- Execution of endpoint_write_to_disk_operation failed
- Execution of pick_endpoint failed
- Execution of entrypoints_without_collectibles_operation failed
- inner_of_uppers_lost_follower is not able to remove follower TaskId 17 (ProjectContainer::entrypoints) from TaskId 16 (EntrypointsOperation::new) as they don't exist as upper or follower edges
    at <unknown> (TurbopackInternalError: inner_of_uppers_lost_follower is not able to remove follower TaskId 17 (ProjectContainer::entrypoints) from TaskId 16 (EntrypointsOperation::new) as they don't exist as upper or follower edges) {
  location: '/build/turbopack/crates/turbo-tasks-backend/src/backend/operation/aggregation_update.rs:1420:17'
}
Error [TurbopackInternalError]: inner_of_uppers_lost_follower is not able to remove follower TaskId 17 (ProjectContainer::entrypoints) from TaskId 16 (EntrypointsOperation::new) as they don't exist as upper or follower edges

Debug info:
- Execution of get_written_endpoint_with_issues_operation failed
- Execution of endpoint_write_to_disk_operation failed
- Execution of pick_endpoint failed
- Execution of entrypoints_without_collectibles_operation failed
- inner_of_uppers_lost_follower is not able to remove follower TaskId 17 (ProjectContainer::entrypoints) from TaskId 16 (EntrypointsOperation::new) as they don't exist as upper or follower edges
    at <unknown> (TurbopackInternalError: inner_of_uppers_lost_follower is not able to remove follower TaskId 17 (ProjectContainer::entrypoints) from TaskId 16 (EntrypointsOperation::new) as they don't exist as upper or follower edges) {
  location: '/build/turbopack/crates/turbo-tasks-backend/src/backend/operation/aggregation_update.rs:1420:17'
}
 ⨯ Error [TurbopackInternalError]: inner_of_uppers_lost_follower is not able to remove follower TaskId 17 (ProjectContainer::entrypoints) from TaskId 16 (EntrypointsOperation::new) as they don't exist as upper or follower edges

Debug info:
- Execution of get_written_endpoint_with_issues_operation failed
- Execution of endpoint_write_to_disk_operation failed
- Execution of pick_endpoint failed
- Execution of entrypoints_without_collectibles_operation failed
- inner_of_uppers_lost_follower is not able to remove follower TaskId 17 (ProjectContainer::entrypoints) from TaskId 16 (EntrypointsOperation::new) as they don't exist as upper or follower edges
    at <unknown> (TurbopackInternalError: inner_of_uppers_lost_follower is not able to remove follower TaskId 17 (ProjectContainer::entrypoints) from TaskId 16 (EntrypointsOperation::new) as they don't exist as upper or follower edges) {
  location: '/build/turbopack/crates/turbo-tasks-backend/src/backend/operation/aggregation_update.rs:1420:17'
}
Error [TurbopackInternalError]: inner_of_uppers_lost_follower is not able to remove follower TaskId 17 (ProjectContainer::entrypoints) from TaskId 16 (EntrypointsOperation::new) as they don't exist as upper or follower edges

Debug info:
- Execution of get_written_endpoint_with_issues_operation failed
- Execution of endpoint_write_to_disk_operation failed
- Execution of pick_endpoint failed
- Execution of entrypoints_without_collectibles_operation failed
- inner_of_uppers_lost_follower is not able to remove follower TaskId 17 (ProjectContainer::entrypoints) from TaskId 16 (EntrypointsOperation::new) as they don't exist as upper or follower edges
    at <unknown> (TurbopackInternalError: inner_of_uppers_lost_follower is not able to remove follower TaskId 17 (ProjectContainer::entrypoints) from TaskId 16 (EntrypointsOperation::new) as they don't exist as upper or follower edges) {
  location: '/build/turbopack/crates/turbo-tasks-backend/src/backend/operation/aggregation_update.rs:1420:17'
}

-----
[1m[31mFATAL[39m[0m: An unexpected Turbopack error occurred. A panic log has been written to /tmp/next-panic-dbe332b5685f143e21f5ea523108232a.log.

To help make Turbopack better, report this error by clicking here: https://github.com/vercel/next.js/discussions/new?category=turbopack-error-report&title=Turbopack%20Error%3A%20inner_of_uppers_lost_follower%20is%20not%20able%20to%20remove%20follower%20TaskId%2017%20%28ProjectContainer%3A%3Aentrypoints%29%20from%20TaskId%2016%20%28EntrypointsOperation%3A%3Anew%29%20as%20they%20don%27t%20exist%20as%20upper%20or%20follower%20edges&body=Turbopack%20version%3A%20%6040672141%60%0ANext.js%20version%3A%20%600.0.0%60%0A%0AError%20message%3A%0A%60%60%60%0ATurbopack%20Error%3A%20inner_of_uppers_lost_follower%20is%20not%20able%20to%20remove%20follower%20TaskId%2017%20%28ProjectContainer%3A%3Aentrypoints%29%20from%20TaskId%2016%20%28EntrypointsOperation%3A%3Anew%29%20as%20they%20don%27t%20exist%20as%20upper%20or%20follower%20edges%0A%60%60%60&labels=Turbopack,Turbopack%20Panic%20Backtrace
-----

 ⨯ Error [TurbopackInternalError]: inner_of_uppers_lost_follower is not able to remove follower TaskId 17 (ProjectContainer::entrypoints) from TaskId 16 (EntrypointsOperation::new) as they don't exist as upper or follower edges

Debug info:
- Execution of get_written_endpoint_with_issues_operation failed
- Execution of endpoint_write_to_disk_operation failed
- Execution of pick_endpoint failed
- Execution of entrypoints_without_collectibles_operation failed
- inner_of_uppers_lost_follower is not able to remove follower TaskId 17 (ProjectContainer::entrypoints) from TaskId 16 (EntrypointsOperation::new) as they don't exist as upper or follower edges
    at <unknown> (TurbopackInternalError: inner_of_uppers_lost_follower is not able to remove follower TaskId 17 (ProjectContainer::entrypoints) from TaskId 16 (EntrypointsOperation::new) as they don't exist as upper or follower edges) {
  location: '/build/turbopack/crates/turbo-tasks-backend/src/backend/operation/aggregation_update.rs:1420:17'
}
Error [TurbopackInternalError]: inner_of_uppers_lost_follower is not able to remove follower TaskId 17 (ProjectContainer::entrypoints) from TaskId 16 (EntrypointsOperation::new) as they don't exist as upper or follower edges

Debug info:
- Execution of get_written_endpoint_with_issues_operation failed
- Execution of endpoint_write_to_disk_operation failed
- Execution of pick_endpoint failed
- Execution of entrypoints_without_collectibles_operation failed
- inner_of_uppers_lost_follower is not able to remove follower TaskId 17 (ProjectContainer::entrypoints) from TaskId 16 (EntrypointsOperation::new) as they don't exist as upper or follower edges
    at <unknown> (TurbopackInternalError: inner_of_uppers_lost_follower is not able to remove follower TaskId 17 (ProjectContainer::entrypoints) from TaskId 16 (EntrypointsOperation::new) as they don't exist as upper or follower edges) {
  location: '/build/turbopack/crates/turbo-tasks-backend/src/backend/operation/aggregation_update.rs:1420:17'
}
 ⨯ Error [TurbopackInternalError]: inner_of_uppers_lost_follower is not able to remove follower TaskId 17 (ProjectContainer::entrypoints) from TaskId 16 (EntrypointsOperation::new) as they don't exist as upper or follower edges

Debug info:
- Execution of get_written_endpoint_with_issues_operation failed
- Execution of endpoint_write_to_disk_operation failed
- Execution of pick_endpoint failed
- Execution of entrypoints_without_collectibles_operation failed
- inner_of_uppers_lost_follower is not able to remove follower TaskId 17 (ProjectContainer::entrypoints) from TaskId 16 (EntrypointsOperation::new) as they don't exist as upper or follower edges
    at <unknown> (TurbopackInternalError: inner_of_uppers_lost_follower is not able to remove follower TaskId 17 (ProjectContainer::entrypoints) from TaskId 16 (EntrypointsOperation::new) as they don't exist as upper or follower edges) {
  location: '/build/turbopack/crates/turbo-tasks-backend/src/backend/operation/aggregation_update.rs:1420:17'
}
Error [TurbopackInternalError]: inner_of_uppers_lost_follower is not able to remove follower TaskId 17 (ProjectContainer::entrypoints) from TaskId 16 (EntrypointsOperation::new) as they don't exist as upper or follower edges

Debug info:
- Execution of get_written_endpoint_with_issues_operation failed
- Execution of endpoint_write_to_disk_operation failed
- Execution of pick_endpoint failed
- Execution of entrypoints_without_collectibles_operation failed
- inner_of_uppers_lost_follower is not able to remove follower TaskId 17 (ProjectContainer::entrypoints) from TaskId 16 (EntrypointsOperation::new) as they don't exist as upper or follower edges
    at <unknown> (TurbopackInternalError: inner_of_uppers_lost_follower is not able to remove follower TaskId 17 (ProjectContainer::entrypoints) from TaskId 16 (EntrypointsOperation::new) as they don't exist as upper or follower edges) {
  location: '/build/turbopack/crates/turbo-tasks-backend/src/backend/operation/aggregation_update.rs:1420:17'
}
 ⨯ Error [TurbopackInternalError]: inner_of_uppers_lost_follower is not able to remove follower TaskId 17 (ProjectContainer::entrypoints) from TaskId 16 (EntrypointsOperation::new) as they don't exist as upper or follower edges

Debug info:
- Execution of get_written_endpoint_with_issues_operation failed
- Execution of endpoint_write_to_disk_operation failed
- Execution of pick_endpoint failed
- Execution of entrypoints_without_collectibles_operation failed
- inner_of_uppers_lost_follower is not able to remove follower TaskId 17 (ProjectContainer::entrypoints) from TaskId 16 (EntrypointsOperation::new) as they don't exist as upper or follower edges
    at <unknown> (TurbopackInternalError: inner_of_uppers_lost_follower is not able to remove follower TaskId 17 (ProjectContainer::entrypoints) from TaskId 16 (EntrypointsOperation::new) as they don't exist as upper or follower edges) {
  location: '/build/turbopack/crates/turbo-tasks-backend/src/backend/operation/aggregation_update.rs:1420:17'
}
Error [TurbopackInternalError]: inner_of_uppers_lost_follower is not able to remove follower TaskId 17 (ProjectContainer::entrypoints) from TaskId 16 (EntrypointsOperation::new) as they don't exist as upper or follower edges

Debug info:
- Execution of get_written_endpoint_with_issues_operation failed
- Execution of endpoint_write_to_disk_operation failed
- Execution of pick_endpoint failed
- Execution of entrypoints_without_collectibles_operation failed
- inner_of_uppers_lost_follower is not able to remove follower TaskId 17 (ProjectContainer::entrypoints) from TaskId 16 (EntrypointsOperation::new) as they don't exist as upper or follower edges
    at <unknown> (TurbopackInternalError: inner_of_uppers_lost_follower is not able to remove follower TaskId 17 (ProjectContainer::entrypoints) from TaskId 16 (EntrypointsOperation::new) as they don't exist as upper or follower edges) {
  location: '/build/turbopack/crates/turbo-tasks-backend/src/backend/operation/aggregation_update.rs:1420:17'
}

-----
[1m[31mFATAL[39m[0m: An unexpected Turbopack error occurred. A panic log has been written to /tmp/next-panic-dbe332b5685f143e21f5ea523108232a.log.

To help make Turbopack better, report this error by clicking here: https://github.com/vercel/next.js/discussions/new?category=turbopack-error-report&title=Turbopack%20Error%3A%20inner_of_uppers_lost_follower%20is%20not%20able%20to%20remove%20follower%20TaskId%2017%20%28ProjectContainer%3A%3Aentrypoints%29%20from%20TaskId%2016%20%28EntrypointsOperation%3A%3Anew%29%20as%20they%20don%27t%20exist%20as%20upper%20or%20follower%20edges&body=Turbopack%20version%3A%20%6040672141%60%0ANext.js%20version%3A%20%600.0.0%60%0A%0AError%20message%3A%0A%60%60%60%0ATurbopack%20Error%3A%20inner_of_uppers_lost_follower%20is%20not%20able%20to%20remove%20follower%20TaskId%2017%20%28ProjectContainer%3A%3Aentrypoints%29%20from%20TaskId%2016%20%28EntrypointsOperation%3A%3Anew%29%20as%20they%20don%27t%20exist%20as%20upper%20or%20follower%20edges%0A%60%60%60&labels=Turbopack,Turbopack%20Panic%20Backtrace
-----

 ⨯ Error [TurbopackInternalError]: inner_of_uppers_lost_follower is not able to remove follower TaskId 17 (ProjectContainer::entrypoints) from TaskId 16 (EntrypointsOperation::new) as they don't exist as upper or follower edges

Debug info:
- Execution of get_written_endpoint_with_issues_operation failed
- Execution of endpoint_write_to_disk_operation failed
- Execution of pick_endpoint failed
- Execution of entrypoints_without_collectibles_operation failed
- inner_of_uppers_lost_follower is not able to remove follower TaskId 17 (ProjectContainer::entrypoints) from TaskId 16 (EntrypointsOperation::new) as they don't exist as upper or follower edges
    at <unknown> (TurbopackInternalError: inner_of_uppers_lost_follower is not able to remove follower TaskId 17 (ProjectContainer::entrypoints) from TaskId 16 (EntrypointsOperation::new) as they don't exist as upper or follower edges) {
  location: '/build/turbopack/crates/turbo-tasks-backend/src/backend/operation/aggregation_update.rs:1420:17'
}
Error [TurbopackInternalError]: inner_of_uppers_lost_follower is not able to remove follower TaskId 17 (ProjectContainer::entrypoints) from TaskId 16 (EntrypointsOperation::new) as they don't exist as upper or follower edges

Debug info:
- Execution of get_written_endpoint_with_issues_operation failed
- Execution of endpoint_write_to_disk_operation failed
- Execution of pick_endpoint failed
- Execution of entrypoints_without_collectibles_operation failed
- inner_of_uppers_lost_follower is not able to remove follower TaskId 17 (ProjectContainer::entrypoints) from TaskId 16 (EntrypointsOperation::new) as they don't exist as upper or follower edges
    at <unknown> (TurbopackInternalError: inner_of_uppers_lost_follower is not able to remove follower TaskId 17 (ProjectContainer::entrypoints) from TaskId 16 (EntrypointsOperation::new) as they don't exist as upper or follower edges) {
  location: '/build/turbopack/crates/turbo-tasks-backend/src/backend/operation/aggregation_update.rs:1420:17'
}
 ⨯ Error [TurbopackInternalError]: inner_of_uppers_lost_follower is not able to remove follower TaskId 17 (ProjectContainer::entrypoints) from TaskId 16 (EntrypointsOperation::new) as they don't exist as upper or follower edges

Debug info:
- Execution of get_written_endpoint_with_issues_operation failed
- Execution of endpoint_write_to_disk_operation failed
- Execution of pick_endpoint failed
- Execution of entrypoints_without_collectibles_operation failed
- inner_of_uppers_lost_follower is not able to remove follower TaskId 17 (ProjectContainer::entrypoints) from TaskId 16 (EntrypointsOperation::new) as they don't exist as upper or follower edges
    at <unknown> (TurbopackInternalError: inner_of_uppers_lost_follower is not able to remove follower TaskId 17 (ProjectContainer::entrypoints) from TaskId 16 (EntrypointsOperation::new) as they don't exist as upper or follower edges) {
  location: '/build/turbopack/crates/turbo-tasks-backend/src/backend/operation/aggregation_update.rs:1420:17'
}
Error [TurbopackInternalError]: inner_of_uppers_lost_follower is not able to remove follower TaskId 17 (ProjectContainer::entrypoints) from TaskId 16 (EntrypointsOperation::new) as they don't exist as upper or follower edges

Debug info:
- Execution of get_written_endpoint_with_issues_operation failed
- Execution of endpoint_write_to_disk_operation failed
- Execution of pick_endpoint failed
- Execution of entrypoints_without_collectibles_operation failed
- inner_of_uppers_lost_follower is not able to remove follower TaskId 17 (ProjectContainer::entrypoints) from TaskId 16 (EntrypointsOperation::new) as they don't exist as upper or follower edges
    at <unknown> (TurbopackInternalError: inner_of_uppers_lost_follower is not able to remove follower TaskId 17 (ProjectContainer::entrypoints) from TaskId 16 (EntrypointsOperation::new) as they don't exist as upper or follower edges) {
  location: '/build/turbopack/crates/turbo-tasks-backend/src/backend/operation/aggregation_update.rs:1420:17'
}

-----
[1m[31mFATAL[39m[0m: An unexpected Turbopack error occurred. A panic log has been written to /tmp/next-panic-dbe332b5685f143e21f5ea523108232a.log.

To help make Turbopack better, report this error by clicking here: https://github.com/vercel/next.js/discussions/new?category=turbopack-error-report&title=Turbopack%20Error%3A%20inner_of_uppers_lost_follower%20is%20not%20able%20to%20remove%20follower%20TaskId%2017%20%28ProjectContainer%3A%3Aentrypoints%29%20from%20TaskId%2016%20%28EntrypointsOperation%3A%3Anew%29%20as%20they%20don%27t%20exist%20as%20upper%20or%20follower%20edges&body=Turbopack%20version%3A%20%6040672141%60%0ANext.js%20version%3A%20%600.0.0%60%0A%0AError%20message%3A%0A%60%60%60%0ATurbopack%20Error%3A%20inner_of_uppers_lost_follower%20is%20not%20able%20to%20remove%20follower%20TaskId%2017%20%28ProjectContainer%3A%3Aentrypoints%29%20from%20TaskId%2016%20%28EntrypointsOperation%3A%3Anew%29%20as%20they%20don%27t%20exist%20as%20upper%20or%20follower%20edges%0A%60%60%60&labels=Turbopack,Turbopack%20Panic%20Backtrace
-----

 ⨯ Error [TurbopackInternalError]: inner_of_uppers_lost_follower is not able to remove follower TaskId 17 (ProjectContainer::entrypoints) from TaskId 16 (EntrypointsOperation::new) as they don't exist as upper or follower edges

Debug info:
- Execution of get_written_endpoint_with_issues_operation failed
- Execution of endpoint_write_to_disk_operation failed
- Execution of pick_endpoint failed
- Execution of entrypoints_without_collectibles_operation failed
- inner_of_uppers_lost_follower is not able to remove follower TaskId 17 (ProjectContainer::entrypoints) from TaskId 16 (EntrypointsOperation::new) as they don't exist as upper or follower edges
    at <unknown> (TurbopackInternalError: inner_of_uppers_lost_follower is not able to remove follower TaskId 17 (ProjectContainer::entrypoints) from TaskId 16 (EntrypointsOperation::new) as they don't exist as upper or follower edges) {
  location: '/build/turbopack/crates/turbo-tasks-backend/src/backend/operation/aggregation_update.rs:1420:17'
}
Error [TurbopackInternalError]: inner_of_uppers_lost_follower is not able to remove follower TaskId 17 (ProjectContainer::entrypoints) from TaskId 16 (EntrypointsOperation::new) as they don't exist as upper or follower edges

Debug info:
- Execution of get_written_endpoint_with_issues_operation failed
- Execution of endpoint_write_to_disk_operation failed
- Execution of pick_endpoint failed
- Execution of entrypoints_without_collectibles_operation failed
- inner_of_uppers_lost_follower is not able to remove follower TaskId 17 (ProjectContainer::entrypoints) from TaskId 16 (EntrypointsOperation::new) as they don't exist as upper or follower edges
    at <unknown> (TurbopackInternalError: inner_of_uppers_lost_follower is not able to remove follower TaskId 17 (ProjectContainer::entrypoints) from TaskId 16 (EntrypointsOperation::new) as they don't exist as upper or follower edges) {
  location: '/build/turbopack/crates/turbo-tasks-backend/src/backend/operation/aggregation_update.rs:1420:17'
}
 ⨯ Error [TurbopackInternalError]: inner_of_uppers_lost_follower is not able to remove follower TaskId 17 (ProjectContainer::entrypoints) from TaskId 16 (EntrypointsOperation::new) as they don't exist as upper or follower edges

Debug info:
- Execution of get_written_endpoint_with_issues_operation failed
- Execution of endpoint_write_to_disk_operation failed
- Execution of pick_endpoint failed
- Execution of entrypoints_without_collectibles_operation failed
- inner_of_uppers_lost_follower is not able to remove follower TaskId 17 (ProjectContainer::entrypoints) from TaskId 16 (EntrypointsOperation::new) as they don't exist as upper or follower edges
    at <unknown> (TurbopackInternalError: inner_of_uppers_lost_follower is not able to remove follower TaskId 17 (ProjectContainer::entrypoints) from TaskId 16 (EntrypointsOperation::new) as they don't exist as upper or follower edges) {
  location: '/build/turbopack/crates/turbo-tasks-backend/src/backend/operation/aggregation_update.rs:1420:17'
}
Error [TurbopackInternalError]: inner_of_uppers_lost_follower is not able to remove follower TaskId 17 (ProjectContainer::entrypoints) from TaskId 16 (EntrypointsOperation::new) as they don't exist as upper or follower edges

Debug info:
- Execution of get_written_endpoint_with_issues_operation failed
- Execution of endpoint_write_to_disk_operation failed
- Execution of pick_endpoint failed
- Execution of entrypoints_without_collectibles_operation failed
- inner_of_uppers_lost_follower is not able to remove follower TaskId 17 (ProjectContainer::entrypoints) from TaskId 16 (EntrypointsOperation::new) as they don't exist as upper or follower edges
    at <unknown> (TurbopackInternalError: inner_of_uppers_lost_follower is not able to remove follower TaskId 17 (ProjectContainer::entrypoints) from TaskId 16 (EntrypointsOperation::new) as they don't exist as upper or follower edges) {
  location: '/build/turbopack/crates/turbo-tasks-backend/src/backend/operation/aggregation_update.rs:1420:17'
}

-----
[1m[31mFATAL[39m[0m: An unexpected Turbopack error occurred. A panic log has been written to /tmp/next-panic-dbe332b5685f143e21f5ea523108232a.log.

To help make Turbopack better, report this error by clicking here: https://github.com/vercel/next.js/discussions/new?category=turbopack-error-report&title=Turbopack%20Error%3A%20inner_of_uppers_lost_follower%20is%20not%20able%20to%20remove%20follower%20TaskId%2017%20%28ProjectContainer%3A%3Aentrypoints%29%20from%20TaskId%2016%20%28EntrypointsOperation%3A%3Anew%29%20as%20they%20don%27t%20exist%20as%20upper%20or%20follower%20edges&body=Turbopack%20version%3A%20%6040672141%60%0ANext.js%20version%3A%20%600.0.0%60%0A%0AError%20message%3A%0A%60%60%60%0ATurbopack%20Error%3A%20inner_of_uppers_lost_follower%20is%20not%20able%20to%20remove%20follower%20TaskId%2017%20%28ProjectContainer%3A%3Aentrypoints%29%20from%20TaskId%2016%20%28EntrypointsOperation%3A%3Anew%29%20as%20they%20don%27t%20exist%20as%20upper%20or%20follower%20edges%0A%60%60%60&labels=Turbopack,Turbopack%20Panic%20Backtrace
-----

 ⨯ Error [TurbopackInternalError]: inner_of_uppers_lost_follower is not able to remove follower TaskId 17 (ProjectContainer::entrypoints) from TaskId 16 (EntrypointsOperation::new) as they don't exist as upper or follower edges

Debug info:
- Execution of get_written_endpoint_with_issues_operation failed
- Execution of endpoint_write_to_disk_operation failed
- Execution of pick_endpoint failed
- Execution of entrypoints_without_collectibles_operation failed
- inner_of_uppers_lost_follower is not able to remove follower TaskId 17 (ProjectContainer::entrypoints) from TaskId 16 (EntrypointsOperation::new) as they don't exist as upper or follower edges
    at <unknown> (TurbopackInternalError: inner_of_uppers_lost_follower is not able to remove follower TaskId 17 (ProjectContainer::entrypoints) from TaskId 16 (EntrypointsOperation::new) as they don't exist as upper or follower edges) {
  location: '/build/turbopack/crates/turbo-tasks-backend/src/backend/operation/aggregation_update.rs:1420:17'
}
Error [TurbopackInternalError]: inner_of_uppers_lost_follower is not able to remove follower TaskId 17 (ProjectContainer::entrypoints) from TaskId 16 (EntrypointsOperation::new) as they don't exist as upper or follower edges

Debug info:
- Execution of get_written_endpoint_with_issues_operation failed
- Execution of endpoint_write_to_disk_operation failed
- Execution of pick_endpoint failed
- Execution of entrypoints_without_collectibles_operation failed
- inner_of_uppers_lost_follower is not able to remove follower TaskId 17 (ProjectContainer::entrypoints) from TaskId 16 (EntrypointsOperation::new) as they don't exist as upper or follower edges
    at <unknown> (TurbopackInternalError: inner_of_uppers_lost_follower is not able to remove follower TaskId 17 (ProjectContainer::entrypoints) from TaskId 16 (EntrypointsOperation::new) as they don't exist as upper or follower edges) {
  location: '/build/turbopack/crates/turbo-tasks-backend/src/backend/operation/aggregation_update.rs:1420:17'
}
 ⨯ Error [TurbopackInternalError]: inner_of_uppers_lost_follower is not able to remove follower TaskId 17 (ProjectContainer::entrypoints) from TaskId 16 (EntrypointsOperation::new) as they don't exist as upper or follower edges

Debug info:
- Execution of get_written_endpoint_with_issues_operation failed
- Execution of endpoint_write_to_disk_operation failed
- Execution of pick_endpoint failed
- Execution of entrypoints_without_collectibles_operation failed
- inner_of_uppers_lost_follower is not able to remove follower TaskId 17 (ProjectContainer::entrypoints) from TaskId 16 (EntrypointsOperation::new) as they don't exist as upper or follower edges
    at <unknown> (TurbopackInternalError: inner_of_uppers_lost_follower is not able to remove follower TaskId 17 (ProjectContainer::entrypoints) from TaskId 16 (EntrypointsOperation::new) as they don't exist as upper or follower edges) {
  location: '/build/turbopack/crates/turbo-tasks-backend/src/backend/operation/aggregation_update.rs:1420:17'
}
Error [TurbopackInternalError]: inner_of_uppers_lost_follower is not able to remove follower TaskId 17 (ProjectContainer::entrypoints) from TaskId 16 (EntrypointsOperation::new) as they don't exist as upper or follower edges

Debug info:
- Execution of get_written_endpoint_with_issues_operation failed
- Execution of endpoint_write_to_disk_operation failed
- Execution of pick_endpoint failed
- Execution of entrypoints_without_collectibles_operation failed
- inner_of_uppers_lost_follower is not able to remove follower TaskId 17 (ProjectContainer::entrypoints) from TaskId 16 (EntrypointsOperation::new) as they don't exist as upper or follower edges
    at <unknown> (TurbopackInternalError: inner_of_uppers_lost_follower is not able to remove follower TaskId 17 (ProjectContainer::entrypoints) from TaskId 16 (EntrypointsOperation::new) as they don't exist as upper or follower edges) {
  location: '/build/turbopack/crates/turbo-tasks-backend/src/backend/operation/aggregation_update.rs:1420:17'
}

-----
[1m[31mFATAL[39m[0m: An unexpected Turbopack error occurred. A panic log has been written to /tmp/next-panic-dbe332b5685f143e21f5ea523108232a.log.

To help make Turbopack better, report this error by clicking here: https://github.com/vercel/next.js/discussions/new?category=turbopack-error-report&title=Turbopack%20Error%3A%20inner_of_uppers_lost_follower%20is%20not%20able%20to%20remove%20follower%20TaskId%2017%20%28ProjectContainer%3A%3Aentrypoints%29%20from%20TaskId%2016%20%28EntrypointsOperation%3A%3Anew%29%20as%20they%20don%27t%20exist%20as%20upper%20or%20follower%20edges&body=Turbopack%20version%3A%20%6040672141%60%0ANext.js%20version%3A%20%600.0.0%60%0A%0AError%20message%3A%0A%60%60%60%0ATurbopack%20Error%3A%20inner_of_uppers_lost_follower%20is%20not%20able%20to%20remove%20follower%20TaskId%2017%20%28ProjectContainer%3A%3Aentrypoints%29%20from%20TaskId%2016%20%28EntrypointsOperation%3A%3Anew%29%20as%20they%20don%27t%20exist%20as%20upper%20or%20follower%20edges%0A%60%60%60&labels=Turbopack,Turbopack%20Panic%20Backtrace
-----

 ⨯ Error [TurbopackInternalError]: inner_of_uppers_lost_follower is not able to remove follower TaskId 17 (ProjectContainer::entrypoints) from TaskId 16 (EntrypointsOperation::new) as they don't exist as upper or follower edges

Debug info:
- Execution of get_written_endpoint_with_issues_operation failed
- Execution of endpoint_write_to_disk_operation failed
- Execution of pick_endpoint failed
- Execution of entrypoints_without_collectibles_operation failed
- inner_of_uppers_lost_follower is not able to remove follower TaskId 17 (ProjectContainer::entrypoints) from TaskId 16 (EntrypointsOperation::new) as they don't exist as upper or follower edges
    at <unknown> (TurbopackInternalError: inner_of_uppers_lost_follower is not able to remove follower TaskId 17 (ProjectContainer::entrypoints) from TaskId 16 (EntrypointsOperation::new) as they don't exist as upper or follower edges) {
  location: '/build/turbopack/crates/turbo-tasks-backend/src/backend/operation/aggregation_update.rs:1420:17'
}
Error [TurbopackInternalError]: inner_of_uppers_lost_follower is not able to remove follower TaskId 17 (ProjectContainer::entrypoints) from TaskId 16 (EntrypointsOperation::new) as they don't exist as upper or follower edges

Debug info:
- Execution of get_written_endpoint_with_issues_operation failed
- Execution of endpoint_write_to_disk_operation failed
- Execution of pick_endpoint failed
- Execution of entrypoints_without_collectibles_operation failed
- inner_of_uppers_lost_follower is not able to remove follower TaskId 17 (ProjectContainer::entrypoints) from TaskId 16 (EntrypointsOperation::new) as they don't exist as upper or follower edges
    at <unknown> (TurbopackInternalError: inner_of_uppers_lost_follower is not able to remove follower TaskId 17 (ProjectContainer::entrypoints) from TaskId 16 (EntrypointsOperation::new) as they don't exist as upper or follower edges) {
  location: '/build/turbopack/crates/turbo-tasks-backend/src/backend/operation/aggregation_update.rs:1420:17'
}
 ⨯ Error [TurbopackInternalError]: inner_of_uppers_lost_follower is not able to remove follower TaskId 17 (ProjectContainer::entrypoints) from TaskId 16 (EntrypointsOperation::new) as they don't exist as upper or follower edges

Debug info:
- Execution of get_written_endpoint_with_issues_operation failed
- Execution of endpoint_write_to_disk_operation failed
- Execution of pick_endpoint failed
- Execution of entrypoints_without_collectibles_operation failed
- inner_of_uppers_lost_follower is not able to remove follower TaskId 17 (ProjectContainer::entrypoints) from TaskId 16 (EntrypointsOperation::new) as they don't exist as upper or follower edges
    at <unknown> (TurbopackInternalError: inner_of_uppers_lost_follower is not able to remove follower TaskId 17 (ProjectContainer::entrypoints) from TaskId 16 (EntrypointsOperation::new) as they don't exist as upper or follower edges) {
  location: '/build/turbopack/crates/turbo-tasks-backend/src/backend/operation/aggregation_update.rs:1420:17'
}
Error [TurbopackInternalError]: inner_of_uppers_lost_follower is not able to remove follower TaskId 17 (ProjectContainer::entrypoints) from TaskId 16 (EntrypointsOperation::new) as they don't exist as upper or follower edges

Debug info:
- Execution of get_written_endpoint_with_issues_operation failed
- Execution of endpoint_write_to_disk_operation failed
- Execution of pick_endpoint failed
- Execution of entrypoints_without_collectibles_operation failed
- inner_of_uppers_lost_follower is not able to remove follower TaskId 17 (ProjectContainer::entrypoints) from TaskId 16 (EntrypointsOperation::new) as they don't exist as upper or follower edges
    at <unknown> (TurbopackInternalError: inner_of_uppers_lost_follower is not able to remove follower TaskId 17 (ProjectContainer::entrypoints) from TaskId 16 (EntrypointsOperation::new) as they don't exist as upper or follower edges) {
  location: '/build/turbopack/crates/turbo-tasks-backend/src/backend/operation/aggregation_update.rs:1420:17'
}
 ⨯ Error [TurbopackInternalError]: inner_of_uppers_lost_follower is not able to remove follower TaskId 17 (ProjectContainer::entrypoints) from TaskId 16 (EntrypointsOperation::new) as they don't exist as upper or follower edges

Debug info:
- Execution of get_written_endpoint_with_issues_operation failed
- Execution of endpoint_write_to_disk_operation failed
- Execution of pick_endpoint failed
- Execution of entrypoints_without_collectibles_operation failed
- inner_of_uppers_lost_follower is not able to remove follower TaskId 17 (ProjectContainer::entrypoints) from TaskId 16 (EntrypointsOperation::new) as they don't exist as upper or follower edges
    at <unknown> (TurbopackInternalError: inner_of_uppers_lost_follower is not able to remove follower TaskId 17 (ProjectContainer::entrypoints) from TaskId 16 (EntrypointsOperation::new) as they don't exist as upper or follower edges) {
  location: '/build/turbopack/crates/turbo-tasks-backend/src/backend/operation/aggregation_update.rs:1420:17'
}
Error [TurbopackInternalError]: inner_of_uppers_lost_follower is not able to remove follower TaskId 17 (ProjectContainer::entrypoints) from TaskId 16 (EntrypointsOperation::new) as they don't exist as upper or follower edges

Debug info:
- Execution of get_written_endpoint_with_issues_operation failed
- Execution of endpoint_write_to_disk_operation failed
- Execution of pick_endpoint failed
- Execution of entrypoints_without_collectibles_operation failed
- inner_of_uppers_lost_follower is not able to remove follower TaskId 17 (ProjectContainer::entrypoints) from TaskId 16 (EntrypointsOperation::new) as they don't exist as upper or follower edges
    at <unknown> (TurbopackInternalError: inner_of_uppers_lost_follower is not able to remove follower TaskId 17 (ProjectContainer::entrypoints) from TaskId 16 (EntrypointsOperation::new) as they don't exist as upper or follower edges) {
  location: '/build/turbopack/crates/turbo-tasks-backend/src/backend/operation/aggregation_update.rs:1420:17'
}
 ⨯ Error [TurbopackInternalError]: inner_of_uppers_lost_follower is not able to remove follower TaskId 17 (ProjectContainer::entrypoints) from TaskId 16 (EntrypointsOperation::new) as they don't exist as upper or follower edges

Debug info:
- Execution of get_written_endpoint_with_issues_operation failed
- Execution of endpoint_write_to_disk_operation failed
- Execution of pick_endpoint failed
- Execution of entrypoints_without_collectibles_operation failed
- inner_of_uppers_lost_follower is not able to remove follower TaskId 17 (ProjectContainer::entrypoints) from TaskId 16 (EntrypointsOperation::new) as they don't exist as upper or follower edges
    at <unknown> (TurbopackInternalError: inner_of_uppers_lost_follower is not able to remove follower TaskId 17 (ProjectContainer::entrypoints) from TaskId 16 (EntrypointsOperation::new) as they don't exist as upper or follower edges) {
  location: '/build/turbopack/crates/turbo-tasks-backend/src/backend/operation/aggregation_update.rs:1420:17'
}
Error [TurbopackInternalError]: inner_of_uppers_lost_follower is not able to remove follower TaskId 17 (ProjectContainer::entrypoints) from TaskId 16 (EntrypointsOperation::new) as they don't exist as upper or follower edges

Debug info:
- Execution of get_written_endpoint_with_issues_operation failed
- Execution of endpoint_write_to_disk_operation failed
- Execution of pick_endpoint failed
- Execution of entrypoints_without_collectibles_operation failed
- inner_of_uppers_lost_follower is not able to remove follower TaskId 17 (ProjectContainer::entrypoints) from TaskId 16 (EntrypointsOperation::new) as they don't exist as upper or follower edges
    at <unknown> (TurbopackInternalError: inner_of_uppers_lost_follower is not able to remove follower TaskId 17 (ProjectContainer::entrypoints) from TaskId 16 (EntrypointsOperation::new) as they don't exist as upper or follower edges) {
  location: '/build/turbopack/crates/turbo-tasks-backend/src/backend/operation/aggregation_update.rs:1420:17'
}

-----
[1m[31mFATAL[39m[0m: An unexpected Turbopack error occurred. A panic log has been written to /tmp/next-panic-dbe332b5685f143e21f5ea523108232a.log.

To help make Turbopack better, report this error by clicking here: https://github.com/vercel/next.js/discussions/new?category=turbopack-error-report&title=Turbopack%20Error%3A%20inner_of_uppers_lost_follower%20is%20not%20able%20to%20remove%20follower%20TaskId%2017%20%28ProjectContainer%3A%3Aentrypoints%29%20from%20TaskId%2016%20%28EntrypointsOperation%3A%3Anew%29%20as%20they%20don%27t%20exist%20as%20upper%20or%20follower%20edges&body=Turbopack%20version%3A%20%6040672141%60%0ANext.js%20version%3A%20%600.0.0%60%0A%0AError%20message%3A%0A%60%60%60%0ATurbopack%20Error%3A%20inner_of_uppers_lost_follower%20is%20not%20able%20to%20remove%20follower%20TaskId%2017%20%28ProjectContainer%3A%3Aentrypoints%29%20from%20TaskId%2016%20%28EntrypointsOperation%3A%3Anew%29%20as%20they%20don%27t%20exist%20as%20upper%20or%20follower%20edges%0A%60%60%60&labels=Turbopack,Turbopack%20Panic%20Backtrace
-----

 ⨯ Error [TurbopackInternalError]: inner_of_uppers_lost_follower is not able to remove follower TaskId 17 (ProjectContainer::entrypoints) from TaskId 16 (EntrypointsOperation::new) as they don't exist as upper or follower edges

Debug info:
- Execution of get_written_endpoint_with_issues_operation failed
- Execution of endpoint_write_to_disk_operation failed
- Execution of pick_endpoint failed
- Execution of entrypoints_without_collectibles_operation failed
- inner_of_uppers_lost_follower is not able to remove follower TaskId 17 (ProjectContainer::entrypoints) from TaskId 16 (EntrypointsOperation::new) as they don't exist as upper or follower edges
    at <unknown> (TurbopackInternalError: inner_of_uppers_lost_follower is not able to remove follower TaskId 17 (ProjectContainer::entrypoints) from TaskId 16 (EntrypointsOperation::new) as they don't exist as upper or follower edges) {
  location: '/build/turbopack/crates/turbo-tasks-backend/src/backend/operation/aggregation_update.rs:1420:17'
}
Error [TurbopackInternalError]: inner_of_uppers_lost_follower is not able to remove follower TaskId 17 (ProjectContainer::entrypoints) from TaskId 16 (EntrypointsOperation::new) as they don't exist as upper or follower edges

Debug info:
- Execution of get_written_endpoint_with_issues_operation failed
- Execution of endpoint_write_to_disk_operation failed
- Execution of pick_endpoint failed
- Execution of entrypoints_without_collectibles_operation failed
- inner_of_uppers_lost_follower is not able to remove follower TaskId 17 (ProjectContainer::entrypoints) from TaskId 16 (EntrypointsOperation::new) as they don't exist as upper or follower edges
    at <unknown> (TurbopackInternalError: inner_of_uppers_lost_follower is not able to remove follower TaskId 17 (ProjectContainer::entrypoints) from TaskId 16 (EntrypointsOperation::new) as they don't exist as upper or follower edges) {
  location: '/build/turbopack/crates/turbo-tasks-backend/src/backend/operation/aggregation_update.rs:1420:17'
}
 ⨯ Error [TurbopackInternalError]: inner_of_uppers_lost_follower is not able to remove follower TaskId 17 (ProjectContainer::entrypoints) from TaskId 16 (EntrypointsOperation::new) as they don't exist as upper or follower edges

Debug info:
- Execution of get_written_endpoint_with_issues_operation failed
- Execution of endpoint_write_to_disk_operation failed
- Execution of pick_endpoint failed
- Execution of entrypoints_without_collectibles_operation failed
- inner_of_uppers_lost_follower is not able to remove follower TaskId 17 (ProjectContainer::entrypoints) from TaskId 16 (EntrypointsOperation::new) as they don't exist as upper or follower edges
    at <unknown> (TurbopackInternalError: inner_of_uppers_lost_follower is not able to remove follower TaskId 17 (ProjectContainer::entrypoints) from TaskId 16 (EntrypointsOperation::new) as they don't exist as upper or follower edges) {
  location: '/build/turbopack/crates/turbo-tasks-backend/src/backend/operation/aggregation_update.rs:1420:17'
}
Error [TurbopackInternalError]: inner_of_uppers_lost_follower is not able to remove follower TaskId 17 (ProjectContainer::entrypoints) from TaskId 16 (EntrypointsOperation::new) as they don't exist as upper or follower edges

Debug info:
- Execution of get_written_endpoint_with_issues_operation failed
- Execution of endpoint_write_to_disk_operation failed
- Execution of pick_endpoint failed
- Execution of entrypoints_without_collectibles_operation failed
- inner_of_uppers_lost_follower is not able to remove follower TaskId 17 (ProjectContainer::entrypoints) from TaskId 16 (EntrypointsOperation::new) as they don't exist as upper or follower edges
    at <unknown> (TurbopackInternalError: inner_of_uppers_lost_follower is not able to remove follower TaskId 17 (ProjectContainer::entrypoints) from TaskId 16 (EntrypointsOperation::new) as they don't exist as upper or follower edges) {
  location: '/build/turbopack/crates/turbo-tasks-backend/src/backend/operation/aggregation_update.rs:1420:17'
}

-----
[1m[31mFATAL[39m[0m: An unexpected Turbopack error occurred. A panic log has been written to /tmp/next-panic-dbe332b5685f143e21f5ea523108232a.log.

To help make Turbopack better, report this error by clicking here: https://github.com/vercel/next.js/discussions/new?category=turbopack-error-report&title=Turbopack%20Error%3A%20inner_of_uppers_lost_follower%20is%20not%20able%20to%20remove%20follower%20TaskId%2017%20%28ProjectContainer%3A%3Aentrypoints%29%20from%20TaskId%2016%20%28EntrypointsOperation%3A%3Anew%29%20as%20they%20don%27t%20exist%20as%20upper%20or%20follower%20edges&body=Turbopack%20version%3A%20%6040672141%60%0ANext.js%20version%3A%20%600.0.0%60%0A%0AError%20message%3A%0A%60%60%60%0ATurbopack%20Error%3A%20inner_of_uppers_lost_follower%20is%20not%20able%20to%20remove%20follower%20TaskId%2017%20%28ProjectContainer%3A%3Aentrypoints%29%20from%20TaskId%2016%20%28EntrypointsOperation%3A%3Anew%29%20as%20they%20don%27t%20exist%20as%20upper%20or%20follower%20edges%0A%60%60%60&labels=Turbopack,Turbopack%20Panic%20Backtrace
-----

 ⨯ Error [TurbopackInternalError]: inner_of_uppers_lost_follower is not able to remove follower TaskId 17 (ProjectContainer::entrypoints) from TaskId 16 (EntrypointsOperation::new) as they don't exist as upper or follower edges

Debug info:
- Execution of get_written_endpoint_with_issues_operation failed
- Execution of endpoint_write_to_disk_operation failed
- Execution of pick_endpoint failed
- Execution of entrypoints_without_collectibles_operation failed
- inner_of_uppers_lost_follower is not able to remove follower TaskId 17 (ProjectContainer::entrypoints) from TaskId 16 (EntrypointsOperation::new) as they don't exist as upper or follower edges
    at <unknown> (TurbopackInternalError: inner_of_uppers_lost_follower is not able to remove follower TaskId 17 (ProjectContainer::entrypoints) from TaskId 16 (EntrypointsOperation::new) as they don't exist as upper or follower edges) {
  location: '/build/turbopack/crates/turbo-tasks-backend/src/backend/operation/aggregation_update.rs:1420:17'
}
Error [TurbopackInternalError]: inner_of_uppers_lost_follower is not able to remove follower TaskId 17 (ProjectContainer::entrypoints) from TaskId 16 (EntrypointsOperation::new) as they don't exist as upper or follower edges

Debug info:
- Execution of get_written_endpoint_with_issues_operation failed
- Execution of endpoint_write_to_disk_operation failed
- Execution of pick_endpoint failed
- Execution of entrypoints_without_collectibles_operation failed
- inner_of_uppers_lost_follower is not able to remove follower TaskId 17 (ProjectContainer::entrypoints) from TaskId 16 (EntrypointsOperation::new) as they don't exist as upper or follower edges
    at <unknown> (TurbopackInternalError: inner_of_uppers_lost_follower is not able to remove follower TaskId 17 (ProjectContainer::entrypoints) from TaskId 16 (EntrypointsOperation::new) as they don't exist as upper or follower edges) {
  location: '/build/turbopack/crates/turbo-tasks-backend/src/backend/operation/aggregation_update.rs:1420:17'
}
 ⨯ Error [TurbopackInternalError]: inner_of_uppers_lost_follower is not able to remove follower TaskId 17 (ProjectContainer::entrypoints) from TaskId 16 (EntrypointsOperation::new) as they don't exist as upper or follower edges

Debug info:
- Execution of get_written_endpoint_with_issues_operation failed
- Execution of endpoint_write_to_disk_operation failed
- Execution of pick_endpoint failed
- Execution of entrypoints_without_collectibles_operation failed
- inner_of_uppers_lost_follower is not able to remove follower TaskId 17 (ProjectContainer::entrypoints) from TaskId 16 (EntrypointsOperation::new) as they don't exist as upper or follower edges
    at <unknown> (TurbopackInternalError: inner_of_uppers_lost_follower is not able to remove follower TaskId 17 (ProjectContainer::entrypoints) from TaskId 16 (EntrypointsOperation::new) as they don't exist as upper or follower edges) {
  location: '/build/turbopack/crates/turbo-tasks-backend/src/backend/operation/aggregation_update.rs:1420:17'
}
Error [TurbopackInternalError]: inner_of_uppers_lost_follower is not able to remove follower TaskId 17 (ProjectContainer::entrypoints) from TaskId 16 (EntrypointsOperation::new) as they don't exist as upper or follower edges

Debug info:
- Execution of get_written_endpoint_with_issues_operation failed
- Execution of endpoint_write_to_disk_operation failed
- Execution of pick_endpoint failed
- Execution of entrypoints_without_collectibles_operation failed
- inner_of_uppers_lost_follower is not able to remove follower TaskId 17 (ProjectContainer::entrypoints) from TaskId 16 (EntrypointsOperation::new) as they don't exist as upper or follower edges
    at <unknown> (TurbopackInternalError: inner_of_uppers_lost_follower is not able to remove follower TaskId 17 (ProjectContainer::entrypoints) from TaskId 16 (EntrypointsOperation::new) as they don't exist as upper or follower edges) {
  location: '/build/turbopack/crates/turbo-tasks-backend/src/backend/operation/aggregation_update.rs:1420:17'
}

-----
[1m[31mFATAL[39m[0m: An unexpected Turbopack error occurred. A panic log has been written to /tmp/next-panic-dbe332b5685f143e21f5ea523108232a.log.

To help make Turbopack better, report this error by clicking here: https://github.com/vercel/next.js/discussions/new?category=turbopack-error-report&title=Turbopack%20Error%3A%20inner_of_uppers_lost_follower%20is%20not%20able%20to%20remove%20follower%20TaskId%2017%20%28ProjectContainer%3A%3Aentrypoints%29%20from%20TaskId%2016%20%28EntrypointsOperation%3A%3Anew%29%20as%20they%20don%27t%20exist%20as%20upper%20or%20follower%20edges&body=Turbopack%20version%3A%20%6040672141%60%0ANext.js%20version%3A%20%600.0.0%60%0A%0AError%20message%3A%0A%60%60%60%0ATurbopack%20Error%3A%20inner_of_uppers_lost_follower%20is%20not%20able%20to%20remove%20follower%20TaskId%2017%20%28ProjectContainer%3A%3Aentrypoints%29%20from%20TaskId%2016%20%28EntrypointsOperation%3A%3Anew%29%20as%20they%20don%27t%20exist%20as%20upper%20or%20follower%20edges%0A%60%60%60&labels=Turbopack,Turbopack%20Panic%20Backtrace
-----

 ⨯ Error [TurbopackInternalError]: inner_of_uppers_lost_follower is not able to remove follower TaskId 17 (ProjectContainer::entrypoints) from TaskId 16 (EntrypointsOperation::new) as they don't exist as upper or follower edges

Debug info:
- Execution of get_written_endpoint_with_issues_operation failed
- Execution of endpoint_write_to_disk_operation failed
- Execution of pick_endpoint failed
- Execution of entrypoints_without_collectibles_operation failed
- inner_of_uppers_lost_follower is not able to remove follower TaskId 17 (ProjectContainer::entrypoints) from TaskId 16 (EntrypointsOperation::new) as they don't exist as upper or follower edges
    at <unknown> (TurbopackInternalError: inner_of_uppers_lost_follower is not able to remove follower TaskId 17 (ProjectContainer::entrypoints) from TaskId 16 (EntrypointsOperation::new) as they don't exist as upper or follower edges) {
  location: '/build/turbopack/crates/turbo-tasks-backend/src/backend/operation/aggregation_update.rs:1420:17'
}
Error [TurbopackInternalError]: inner_of_uppers_lost_follower is not able to remove follower TaskId 17 (ProjectContainer::entrypoints) from TaskId 16 (EntrypointsOperation::new) as they don't exist as upper or follower edges

Debug info:
- Execution of get_written_endpoint_with_issues_operation failed
- Execution of endpoint_write_to_disk_operation failed
- Execution of pick_endpoint failed
- Execution of entrypoints_without_collectibles_operation failed
- inner_of_uppers_lost_follower is not able to remove follower TaskId 17 (ProjectContainer::entrypoints) from TaskId 16 (EntrypointsOperation::new) as they don't exist as upper or follower edges
    at <unknown> (TurbopackInternalError: inner_of_uppers_lost_follower is not able to remove follower TaskId 17 (ProjectContainer::entrypoints) from TaskId 16 (EntrypointsOperation::new) as they don't exist as upper or follower edges) {
  location: '/build/turbopack/crates/turbo-tasks-backend/src/backend/operation/aggregation_update.rs:1420:17'
}
 ⨯ Error [TurbopackInternalError]: inner_of_uppers_lost_follower is not able to remove follower TaskId 17 (ProjectContainer::entrypoints) from TaskId 16 (EntrypointsOperation::new) as they don't exist as upper or follower edges

Debug info:
- Execution of get_written_endpoint_with_issues_operation failed
- Execution of endpoint_write_to_disk_operation failed
- Execution of pick_endpoint failed
- Execution of entrypoints_without_collectibles_operation failed
- inner_of_uppers_lost_follower is not able to remove follower TaskId 17 (ProjectContainer::entrypoints) from TaskId 16 (EntrypointsOperation::new) as they don't exist as upper or follower edges
    at <unknown> (TurbopackInternalError: inner_of_uppers_lost_follower is not able to remove follower TaskId 17 (ProjectContainer::entrypoints) from TaskId 16 (EntrypointsOperation::new) as they don't exist as upper or follower edges) {
  location: '/build/turbopack/crates/turbo-tasks-backend/src/backend/operation/aggregation_update.rs:1420:17'
}
Error [TurbopackInternalError]: inner_of_uppers_lost_follower is not able to remove follower TaskId 17 (ProjectContainer::entrypoints) from TaskId 16 (EntrypointsOperation::new) as they don't exist as upper or follower edges

Debug info:
- Execution of get_written_endpoint_with_issues_operation failed
- Execution of endpoint_write_to_disk_operation failed
- Execution of pick_endpoint failed
- Execution of entrypoints_without_collectibles_operation failed
- inner_of_uppers_lost_follower is not able to remove follower TaskId 17 (ProjectContainer::entrypoints) from TaskId 16 (EntrypointsOperation::new) as they don't exist as upper or follower edges
    at <unknown> (TurbopackInternalError: inner_of_uppers_lost_follower is not able to remove follower TaskId 17 (ProjectContainer::entrypoints) from TaskId 16 (EntrypointsOperation::new) as they don't exist as upper or follower edges) {
  location: '/build/turbopack/crates/turbo-tasks-backend/src/backend/operation/aggregation_update.rs:1420:17'
}

-----
[1m[31mFATAL[39m[0m: An unexpected Turbopack error occurred. A panic log has been written to /tmp/next-panic-dbe332b5685f143e21f5ea523108232a.log.

To help make Turbopack better, report this error by clicking here: https://github.com/vercel/next.js/discussions/new?category=turbopack-error-report&title=Turbopack%20Error%3A%20inner_of_uppers_lost_follower%20is%20not%20able%20to%20remove%20follower%20TaskId%2017%20%28ProjectContainer%3A%3Aentrypoints%29%20from%20TaskId%2016%20%28EntrypointsOperation%3A%3Anew%29%20as%20they%20don%27t%20exist%20as%20upper%20or%20follower%20edges&body=Turbopack%20version%3A%20%6040672141%60%0ANext.js%20version%3A%20%600.0.0%60%0A%0AError%20message%3A%0A%60%60%60%0ATurbopack%20Error%3A%20inner_of_uppers_lost_follower%20is%20not%20able%20to%20remove%20follower%20TaskId%2017%20%28ProjectContainer%3A%3Aentrypoints%29%20from%20TaskId%2016%20%28EntrypointsOperation%3A%3Anew%29%20as%20they%20don%27t%20exist%20as%20upper%20or%20follower%20edges%0A%60%60%60&labels=Turbopack,Turbopack%20Panic%20Backtrace
-----

 ⨯ Error [TurbopackInternalError]: inner_of_uppers_lost_follower is not able to remove follower TaskId 17 (ProjectContainer::entrypoints) from TaskId 16 (EntrypointsOperation::new) as they don't exist as upper or follower edges

Debug info:
- Execution of get_written_endpoint_with_issues_operation failed
- Execution of endpoint_write_to_disk_operation failed
- Execution of pick_endpoint failed
- Execution of entrypoints_without_collectibles_operation failed
- inner_of_uppers_lost_follower is not able to remove follower TaskId 17 (ProjectContainer::entrypoints) from TaskId 16 (EntrypointsOperation::new) as they don't exist as upper or follower edges
    at <unknown> (TurbopackInternalError: inner_of_uppers_lost_follower is not able to remove follower TaskId 17 (ProjectContainer::entrypoints) from TaskId 16 (EntrypointsOperation::new) as they don't exist as upper or follower edges) {
  location: '/build/turbopack/crates/turbo-tasks-backend/src/backend/operation/aggregation_update.rs:1420:17'
}
Error [TurbopackInternalError]: inner_of_uppers_lost_follower is not able to remove follower TaskId 17 (ProjectContainer::entrypoints) from TaskId 16 (EntrypointsOperation::new) as they don't exist as upper or follower edges

Debug info:
- Execution of get_written_endpoint_with_issues_operation failed
- Execution of endpoint_write_to_disk_operation failed
- Execution of pick_endpoint failed
- Execution of entrypoints_without_collectibles_operation failed
- inner_of_uppers_lost_follower is not able to remove follower TaskId 17 (ProjectContainer::entrypoints) from TaskId 16 (EntrypointsOperation::new) as they don't exist as upper or follower edges
    at <unknown> (TurbopackInternalError: inner_of_uppers_lost_follower is not able to remove follower TaskId 17 (ProjectContainer::entrypoints) from TaskId 16 (EntrypointsOperation::new) as they don't exist as upper or follower edges) {
  location: '/build/turbopack/crates/turbo-tasks-backend/src/backend/operation/aggregation_update.rs:1420:17'
}
 ⨯ Error [TurbopackInternalError]: inner_of_uppers_lost_follower is not able to remove follower TaskId 17 (ProjectContainer::entrypoints) from TaskId 16 (EntrypointsOperation::new) as they don't exist as upper or follower edges

Debug info:
- Execution of get_written_endpoint_with_issues_operation failed
- Execution of endpoint_write_to_disk_operation failed
- Execution of pick_endpoint failed
- Execution of entrypoints_without_collectibles_operation failed
- inner_of_uppers_lost_follower is not able to remove follower TaskId 17 (ProjectContainer::entrypoints) from TaskId 16 (EntrypointsOperation::new) as they don't exist as upper or follower edges
    at <unknown> (TurbopackInternalError: inner_of_uppers_lost_follower is not able to remove follower TaskId 17 (ProjectContainer::entrypoints) from TaskId 16 (EntrypointsOperation::new) as they don't exist as upper or follower edges) {
  location: '/build/turbopack/crates/turbo-tasks-backend/src/backend/operation/aggregation_update.rs:1420:17'
}
Error [TurbopackInternalError]: inner_of_uppers_lost_follower is not able to remove follower TaskId 17 (ProjectContainer::entrypoints) from TaskId 16 (EntrypointsOperation::new) as they don't exist as upper or follower edges

Debug info:
- Execution of get_written_endpoint_with_issues_operation failed
- Execution of endpoint_write_to_disk_operation failed
- Execution of pick_endpoint failed
- Execution of entrypoints_without_collectibles_operation failed
- inner_of_uppers_lost_follower is not able to remove follower TaskId 17 (ProjectContainer::entrypoints) from TaskId 16 (EntrypointsOperation::new) as they don't exist as upper or follower edges
    at <unknown> (TurbopackInternalError: inner_of_uppers_lost_follower is not able to remove follower TaskId 17 (ProjectContainer::entrypoints) from TaskId 16 (EntrypointsOperation::new) as they don't exist as upper or follower edges) {
  location: '/build/turbopack/crates/turbo-tasks-backend/src/backend/operation/aggregation_update.rs:1420:17'
}
 ⨯ Error [TurbopackInternalError]: inner_of_uppers_lost_follower is not able to remove follower TaskId 17 (ProjectContainer::entrypoints) from TaskId 16 (EntrypointsOperation::new) as they don't exist as upper or follower edges

Debug info:
- Execution of get_written_endpoint_with_issues_operation failed
- Execution of endpoint_write_to_disk_operation failed
- Execution of pick_endpoint failed
- Execution of entrypoints_without_collectibles_operation failed
- inner_of_uppers_lost_follower is not able to remove follower TaskId 17 (ProjectContainer::entrypoints) from TaskId 16 (EntrypointsOperation::new) as they don't exist as upper or follower edges
    at <unknown> (TurbopackInternalError: inner_of_uppers_lost_follower is not able to remove follower TaskId 17 (ProjectContainer::entrypoints) from TaskId 16 (EntrypointsOperation::new) as they don't exist as upper or follower edges) {
  location: '/build/turbopack/crates/turbo-tasks-backend/src/backend/operation/aggregation_update.rs:1420:17'
}
Error [TurbopackInternalError]: inner_of_uppers_lost_follower is not able to remove follower TaskId 17 (ProjectContainer::entrypoints) from TaskId 16 (EntrypointsOperation::new) as they don't exist as upper or follower edges

Debug info:
- Execution of get_written_endpoint_with_issues_operation failed
- Execution of endpoint_write_to_disk_operation failed
- Execution of pick_endpoint failed
- Execution of entrypoints_without_collectibles_operation failed
- inner_of_uppers_lost_follower is not able to remove follower TaskId 17 (ProjectContainer::entrypoints) from TaskId 16 (EntrypointsOperation::new) as they don't exist as upper or follower edges
    at <unknown> (TurbopackInternalError: inner_of_uppers_lost_follower is not able to remove follower TaskId 17 (ProjectContainer::entrypoints) from TaskId 16 (EntrypointsOperation::new) as they don't exist as upper or follower edges) {
  location: '/build/turbopack/crates/turbo-tasks-backend/src/backend/operation/aggregation_update.rs:1420:17'
}
 ⨯ Error [TurbopackInternalError]: inner_of_uppers_lost_follower is not able to remove follower TaskId 17 (ProjectContainer::entrypoints) from TaskId 16 (EntrypointsOperation::new) as they don't exist as upper or follower edges

Debug info:
- Execution of get_written_endpoint_with_issues_operation failed
- Execution of endpoint_write_to_disk_operation failed
- Execution of pick_endpoint failed
- Execution of entrypoints_without_collectibles_operation failed
- inner_of_uppers_lost_follower is not able to remove follower TaskId 17 (ProjectContainer::entrypoints) from TaskId 16 (EntrypointsOperation::new) as they don't exist as upper or follower edges
    at <unknown> (TurbopackInternalError: inner_of_uppers_lost_follower is not able to remove follower TaskId 17 (ProjectContainer::entrypoints) from TaskId 16 (EntrypointsOperation::new) as they don't exist as upper or follower edges) {
  location: '/build/turbopack/crates/turbo-tasks-backend/src/backend/operation/aggregation_update.rs:1420:17'
}
Error [TurbopackInternalError]: inner_of_uppers_lost_follower is not able to remove follower TaskId 17 (ProjectContainer::entrypoints) from TaskId 16 (EntrypointsOperation::new) as they don't exist as upper or follower edges

Debug info:
- Execution of get_written_endpoint_with_issues_operation failed
- Execution of endpoint_write_to_disk_operation failed
- Execution of pick_endpoint failed
- Execution of entrypoints_without_collectibles_operation failed
- inner_of_uppers_lost_follower is not able to remove follower TaskId 17 (ProjectContainer::entrypoints) from TaskId 16 (EntrypointsOperation::new) as they don't exist as upper or follower edges
    at <unknown> (TurbopackInternalError: inner_of_uppers_lost_follower is not able to remove follower TaskId 17 (ProjectContainer::entrypoints) from TaskId 16 (EntrypointsOperation::new) as they don't exist as upper or follower edges) {
  location: '/build/turbopack/crates/turbo-tasks-backend/src/backend/operation/aggregation_update.rs:1420:17'
}

-----
[1m[31mFATAL[39m[0m: An unexpected Turbopack error occurred. A panic log has been written to /tmp/next-panic-dbe332b5685f143e21f5ea523108232a.log.

To help make Turbopack better, report this error by clicking here: https://github.com/vercel/next.js/discussions/new?category=turbopack-error-report&title=Turbopack%20Error%3A%20inner_of_uppers_lost_follower%20is%20not%20able%20to%20remove%20follower%20TaskId%2017%20%28ProjectContainer%3A%3Aentrypoints%29%20from%20TaskId%2016%20%28EntrypointsOperation%3A%3Anew%29%20as%20they%20don%27t%20exist%20as%20upper%20or%20follower%20edges&body=Turbopack%20version%3A%20%6040672141%60%0ANext.js%20version%3A%20%600.0.0%60%0A%0AError%20message%3A%0A%60%60%60%0ATurbopack%20Error%3A%20inner_of_uppers_lost_follower%20is%20not%20able%20to%20remove%20follower%20TaskId%2017%20%28ProjectContainer%3A%3Aentrypoints%29%20from%20TaskId%2016%20%28EntrypointsOperation%3A%3Anew%29%20as%20they%20don%27t%20exist%20as%20upper%20or%20follower%20edges%0A%60%60%60&labels=Turbopack,Turbopack%20Panic%20Backtrace
-----

 ⨯ Error [TurbopackInternalError]: inner_of_uppers_lost_follower is not able to remove follower TaskId 17 (ProjectContainer::entrypoints) from TaskId 16 (EntrypointsOperation::new) as they don't exist as upper or follower edges

Debug info:
- Execution of get_written_endpoint_with_issues_operation failed
- Execution of endpoint_write_to_disk_operation failed
- Execution of pick_endpoint failed
- Execution of entrypoints_without_collectibles_operation failed
- inner_of_uppers_lost_follower is not able to remove follower TaskId 17 (ProjectContainer::entrypoints) from TaskId 16 (EntrypointsOperation::new) as they don't exist as upper or follower edges
    at <unknown> (TurbopackInternalError: inner_of_uppers_lost_follower is not able to remove follower TaskId 17 (ProjectContainer::entrypoints) from TaskId 16 (EntrypointsOperation::new) as they don't exist as upper or follower edges) {
  location: '/build/turbopack/crates/turbo-tasks-backend/src/backend/operation/aggregation_update.rs:1420:17'
}
Error [TurbopackInternalError]: inner_of_uppers_lost_follower is not able to remove follower TaskId 17 (ProjectContainer::entrypoints) from TaskId 16 (EntrypointsOperation::new) as they don't exist as upper or follower edges

Debug info:
- Execution of get_written_endpoint_with_issues_operation failed
- Execution of endpoint_write_to_disk_operation failed
- Execution of pick_endpoint failed
- Execution of entrypoints_without_collectibles_operation failed
- inner_of_uppers_lost_follower is not able to remove follower TaskId 17 (ProjectContainer::entrypoints) from TaskId 16 (EntrypointsOperation::new) as they don't exist as upper or follower edges
    at <unknown> (TurbopackInternalError: inner_of_uppers_lost_follower is not able to remove follower TaskId 17 (ProjectContainer::entrypoints) from TaskId 16 (EntrypointsOperation::new) as they don't exist as upper or follower edges) {
  location: '/build/turbopack/crates/turbo-tasks-backend/src/backend/operation/aggregation_update.rs:1420:17'
}
 ⨯ Error [TurbopackInternalError]: inner_of_uppers_lost_follower is not able to remove follower TaskId 17 (ProjectContainer::entrypoints) from TaskId 16 (EntrypointsOperation::new) as they don't exist as upper or follower edges

Debug info:
- Execution of get_written_endpoint_with_issues_operation failed
- Execution of endpoint_write_to_disk_operation failed
- Execution of pick_endpoint failed
- Execution of entrypoints_without_collectibles_operation failed
- inner_of_uppers_lost_follower is not able to remove follower TaskId 17 (ProjectContainer::entrypoints) from TaskId 16 (EntrypointsOperation::new) as they don't exist as upper or follower edges
    at <unknown> (TurbopackInternalError: inner_of_uppers_lost_follower is not able to remove follower TaskId 17 (ProjectContainer::entrypoints) from TaskId 16 (EntrypointsOperation::new) as they don't exist as upper or follower edges) {
  location: '/build/turbopack/crates/turbo-tasks-backend/src/backend/operation/aggregation_update.rs:1420:17'
}
Error [TurbopackInternalError]: inner_of_uppers_lost_follower is not able to remove follower TaskId 17 (ProjectContainer::entrypoints) from TaskId 16 (EntrypointsOperation::new) as they don't exist as upper or follower edges

Debug info:
- Execution of get_written_endpoint_with_issues_operation failed
- Execution of endpoint_write_to_disk_operation failed
- Execution of pick_endpoint failed
- Execution of entrypoints_without_collectibles_operation failed
- inner_of_uppers_lost_follower is not able to remove follower TaskId 17 (ProjectContainer::entrypoints) from TaskId 16 (EntrypointsOperation::new) as they don't exist as upper or follower edges
    at <unknown> (TurbopackInternalError: inner_of_uppers_lost_follower is not able to remove follower TaskId 17 (ProjectContainer::entrypoints) from TaskId 16 (EntrypointsOperation::new) as they don't exist as upper or follower edges) {
  location: '/build/turbopack/crates/turbo-tasks-backend/src/backend/operation/aggregation_update.rs:1420:17'
}

-----
[1m[31mFATAL[39m[0m: An unexpected Turbopack error occurred. A panic log has been written to /tmp/next-panic-dbe332b5685f143e21f5ea523108232a.log.

To help make Turbopack better, report this error by clicking here: https://github.com/vercel/next.js/discussions/new?category=turbopack-error-report&title=Turbopack%20Error%3A%20inner_of_uppers_lost_follower%20is%20not%20able%20to%20remove%20follower%20TaskId%2017%20%28ProjectContainer%3A%3Aentrypoints%29%20from%20TaskId%2016%20%28EntrypointsOperation%3A%3Anew%29%20as%20they%20don%27t%20exist%20as%20upper%20or%20follower%20edges&body=Turbopack%20version%3A%20%6040672141%60%0ANext.js%20version%3A%20%600.0.0%60%0A%0AError%20message%3A%0A%60%60%60%0ATurbopack%20Error%3A%20inner_of_uppers_lost_follower%20is%20not%20able%20to%20remove%20follower%20TaskId%2017%20%28ProjectContainer%3A%3Aentrypoints%29%20from%20TaskId%2016%20%28EntrypointsOperation%3A%3Anew%29%20as%20they%20don%27t%20exist%20as%20upper%20or%20follower%20edges%0A%60%60%60&labels=Turbopack,Turbopack%20Panic%20Backtrace
-----

 ⨯ Error [TurbopackInternalError]: inner_of_uppers_lost_follower is not able to remove follower TaskId 17 (ProjectContainer::entrypoints) from TaskId 16 (EntrypointsOperation::new) as they don't exist as upper or follower edges

Debug info:
- Execution of get_written_endpoint_with_issues_operation failed
- Execution of endpoint_write_to_disk_operation failed
- Execution of pick_endpoint failed
- Execution of entrypoints_without_collectibles_operation failed
- inner_of_uppers_lost_follower is not able to remove follower TaskId 17 (ProjectContainer::entrypoints) from TaskId 16 (EntrypointsOperation::new) as they don't exist as upper or follower edges
    at <unknown> (TurbopackInternalError: inner_of_uppers_lost_follower is not able to remove follower TaskId 17 (ProjectContainer::entrypoints) from TaskId 16 (EntrypointsOperation::new) as they don't exist as upper or follower edges) {
  location: '/build/turbopack/crates/turbo-tasks-backend/src/backend/operation/aggregation_update.rs:1420:17'
}
Error [TurbopackInternalError]: inner_of_uppers_lost_follower is not able to remove follower TaskId 17 (ProjectContainer::entrypoints) from TaskId 16 (EntrypointsOperation::new) as they don't exist as upper or follower edges

Debug info:
- Execution of get_written_endpoint_with_issues_operation failed
- Execution of endpoint_write_to_disk_operation failed
- Execution of pick_endpoint failed
- Execution of entrypoints_without_collectibles_operation failed
- inner_of_uppers_lost_follower is not able to remove follower TaskId 17 (ProjectContainer::entrypoints) from TaskId 16 (EntrypointsOperation::new) as they don't exist as upper or follower edges
    at <unknown> (TurbopackInternalError: inner_of_uppers_lost_follower is not able to remove follower TaskId 17 (ProjectContainer::entrypoints) from TaskId 16 (EntrypointsOperation::new) as they don't exist as upper or follower edges) {
  location: '/build/turbopack/crates/turbo-tasks-backend/src/backend/operation/aggregation_update.rs:1420:17'
}
 ⨯ Error [TurbopackInternalError]: inner_of_uppers_lost_follower is not able to remove follower TaskId 17 (ProjectContainer::entrypoints) from TaskId 16 (EntrypointsOperation::new) as they don't exist as upper or follower edges

Debug info:
- Execution of get_written_endpoint_with_issues_operation failed
- Execution of endpoint_write_to_disk_operation failed
- Execution of pick_endpoint failed
- Execution of entrypoints_without_collectibles_operation failed
- inner_of_uppers_lost_follower is not able to remove follower TaskId 17 (ProjectContainer::entrypoints) from TaskId 16 (EntrypointsOperation::new) as they don't exist as upper or follower edges
    at <unknown> (TurbopackInternalError: inner_of_uppers_lost_follower is not able to remove follower TaskId 17 (ProjectContainer::entrypoints) from TaskId 16 (EntrypointsOperation::new) as they don't exist as upper or follower edges) {
  location: '/build/turbopack/crates/turbo-tasks-backend/src/backend/operation/aggregation_update.rs:1420:17'
}
Error [TurbopackInternalError]: inner_of_uppers_lost_follower is not able to remove follower TaskId 17 (ProjectContainer::entrypoints) from TaskId 16 (EntrypointsOperation::new) as they don't exist as upper or follower edges

Debug info:
- Execution of get_written_endpoint_with_issues_operation failed
- Execution of endpoint_write_to_disk_operation failed
- Execution of pick_endpoint failed
- Execution of entrypoints_without_collectibles_operation failed
- inner_of_uppers_lost_follower is not able to remove follower TaskId 17 (ProjectContainer::entrypoints) from TaskId 16 (EntrypointsOperation::new) as they don't exist as upper or follower edges
    at <unknown> (TurbopackInternalError: inner_of_uppers_lost_follower is not able to remove follower TaskId 17 (ProjectContainer::entrypoints) from TaskId 16 (EntrypointsOperation::new) as they don't exist as upper or follower edges) {
  location: '/build/turbopack/crates/turbo-tasks-backend/src/backend/operation/aggregation_update.rs:1420:17'
}
[?25h
